"job_role","skills","job_description","certifications"
"Software Engineer","Java;Spring Boot;MySQL;Git;REST APIs","Conçoit et développe des applications backend fiables en respectant les standards de performance et de securite.","Oracle Certified Professional Java SE;AWS Certified Developer"
"Software Engineer","Python;Django;PostgreSQL;Git;REST APIs","Developpe des services web evolutifs et assure leur integration avec des systemes tiers.","PCAP - Certified Associate in Python Programming;AWS Certified Cloud Practitioner"
"Software Engineer","C#;.NET Core;SQL Server;Azure DevOps;OOP","Participe à la conception et au développement d’applications métiers basées sur .NET.","Microsoft Certified: Azure Developer Associate"
"Software Engineer","Java;Hibernate;Maven;JUnit;Git","Implémente des fonctionnalités backend et écrit des tests unitaires pour garantir la qualité du code.","Oracle Certified Associate Java SE"
"Software Engineer","Python;Flask;SQLite;Docker;Git","Crée des microservices légers et maintenables pour des applications internes.","Docker Certified Associate"
"Software Engineer","JavaScript;Node.js;Express;MongoDB;Git","Développe des API REST performantes et assure leur documentation.","MongoDB Certified Developer Associate"
"Software Engineer","Go;Gin;PostgreSQL;Docker;Kubernetes","Conçoit des services backend à haute performance orientés microservices.","Certified Kubernetes Application Developer"
"Software Engineer","Java;Spring Security;JWT;REST APIs;Git","Implémente des mécanismes d’authentification et d’autorisation sécurisés.","Oracle Certified Professional Java SE"
"Software Engineer","Python;FastAPI;PostgreSQL;Docker;CI/CD","Développe des API modernes et participe à l’automatisation des déploiements.","AWS Certified Developer"
"Software Engineer","PHP;Laravel;MySQL;Git;MVC","Développe et maintient des applications web backend en respectant l’architecture MVC.","Zend Certified PHP Engineer"
"Software Engineer","Ruby;Ruby on Rails;PostgreSQL;Git;REST APIs","Conçoit des applications web backend avec un fort accent sur la maintenabilité.","Ruby Association Certified Ruby Programmer"
"Software Engineer","Java;Spring Boot;Kafka;Microservices;Git","Développe des services distribués communiquant via des systèmes de messagerie.","Confluent Certified Developer for Apache Kafka"
"Software Engineer","Python;Pandas;NumPy;SQL;Git","Implémente des scripts et services orientés traitement de données.","IBM Data Engineering Professional Certificate"
"Software Engineer","C++;STL;Linux;Git;OOP","Développe des composants logiciels performants pour des systèmes critiques.","C++ Certified Professional Programmer"
"Software Engineer","Scala;Akka;Play Framework;Git;Microservices","Participe au développement de services réactifs et distribués.","Lightbend Certified Scala Developer"
"Software Engineer","Java;Spring Boot;Thymeleaf;MySQL;Git","Développe des applications web complètes côté serveur.","Oracle Certified Professional Java SE"
"Software Engineer","Python;Celery;Redis;Docker;Git","Met en place des traitements asynchrones et des files de tâches.","Redis Certified Developer"
"Software Engineer","Node.js;TypeScript;NestJS;PostgreSQL;Git","Développe des API structurées avec typage fort et bonnes pratiques.","AWS Certified Developer"
"Software Engineer","Java;JUnit;Mockito;TDD;Git","Applique les pratiques de développement piloté par les tests.","ISTQB Certified Tester Foundation Level"
"Software Engineer","Python;SQLAlchemy;PostgreSQL;Git;REST APIs","Développe la couche d’accès aux données et les services associés.","PCAP – Certified Associate in Python Programming"
"Software Engineer","Java;Spring Boot;Docker;CI/CD;Git","Automatise les déploiements et améliore les pipelines d’intégration continue.","Docker Certified Associate"
"Software Engineer","C#;.NET;Entity Framework;SQL Server;Git","Développe des applications backend orientées données.","Microsoft Certified: .NET Developer"
"Software Engineer","JavaScript;Node.js;GraphQL;Apollo;Git","Implémente des API GraphQL pour des applications web modernes.","Apollo GraphQL Certification"
"Software Engineer","Python;Asyncio;FastAPI;Docker;Git","Développe des services asynchrones hautement performants.","AWS Certified Developer"
"Software Engineer","Java;Spring Boot;JUnit;SonarQube;Git","Améliore la qualité du code et réduit la dette technique.","Oracle Certified Professional Java SE"
"Software Engineer","PHP;Symfony;Doctrine;MySQL;Git","Maintient et fait évoluer des applications backend existantes.","Symfony Certified Developer"
"Software Engineer","Go;Microservices;gRPC;Docker;Git","Conçoit des services backend utilisant des protocoles performants.","Certified Kubernetes Application Developer"
"Software Engineer","Python;Flask;REST APIs;OAuth2;Git","Implémente des services sécurisés avec authentification OAuth2.","Auth0 Certified Professional"
"Software Engineer","Java;Spring Batch;ETL;SQL;Git","Développe des traitements batch pour l’intégration de données.","Oracle Certified Professional Java SE"
"Software Engineer","Node.js;Express;JWT;MongoDB;Git","Développe des API sécurisées orientées données NoSQL.","MongoDB Certified Developer Associate"
"Software Engineer","C;Linux;Embedded Systems;Git;RTOS","Développe des logiciels embarqués pour des systèmes temps réel.","Embedded Systems Certification"
"Software Engineer","Python;Machine Learning;scikit-learn;Git;REST APIs","Intègre des modèles de machine learning dans des services applicatifs.","IBM Machine Learning Professional Certificate"
"Software Engineer","Java;Spring Boot;REST APIs;Swagger;Git","Documente et maintient des API claires et normalisées.","Oracle Certified Professional Java SE"
"Software Engineer","JavaScript;Node.js;Docker;CI/CD;Git","Participe à l’industrialisation des applications backend.","Docker Certified Associate"
"Software Engineer","Python;Airflow;ETL;SQL;Git","Orchestre des pipelines de données automatisés.","Astronomer Certification for Apache Airflow"
"Software Engineer","Java;Spring Boot;MySQL;Git;Agile","Travaille en méthodologie agile pour livrer des fonctionnalités itératives.","Oracle Certified Associate Java SE"
"Software Engineer","C#;.NET Core;REST APIs;Docker;Git","Développe des API backend conteneurisées.","Microsoft Certified: Azure Developer Associate"
"Software Engineer","Python;FastAPI;JWT;PostgreSQL;Git","Conçoit des services backend sécurisés et performants.","PCAP – Certified Associate in Python Programming"
"Software Engineer","Java;Spring Boot;Redis;Caching;Git","Optimise les performances applicatives via des mécanismes de cache.","Redis Certified Developer"
"Software Engineer","Node.js;NestJS;Microservices;Docker;Git","Développe des architectures backend modulaires.","AWS Certified Developer"
"Software Engineer","Java;Spring Boot;JUnit;Git;Clean Code","Applique les principes de clean code dans le développement logiciel.","Oracle Certified Professional Java SE"
"Software Engineer","Python;Django REST Framework;PostgreSQL;Git;REST APIs","Développe des API REST robustes pour des applications web.","PCAP – Certified Associate in Python Programming"
"Software Engineer","Go;REST APIs;PostgreSQL;Docker;Git","Implémente des services backend rapides et fiables.","Certified Kubernetes Application Developer"
"Software Engineer","Java;Spring Boot;OAuth2;Security;Git","Met en œuvre des solutions de sécurité applicative avancées.","Oracle Certified Professional Java SE"
"Full Stack Developer","JavaScript;React;Node.js;MongoDB;Git","Développe des applications web complètes côté frontend et backend.","MongoDB Certified Developer Associate;AWS Certified Cloud Practitioner"
"Full Stack Developer","JavaScript;Angular;Spring Boot;MySQL;Git","Conçoit des applications web full stack robustes.","Oracle Certified Associate Java SE"
"Full Stack Developer","JavaScript;Vue.js;Node.js;PostgreSQL;Git","Développe des interfaces web interactives et des API backend.","AWS Certified Developer"
"Full Stack Developer","Python;Django;React;PostgreSQL;Git","Développe des applications web complètes avec Django et React.","PCAP – Certified Associate in Python Programming"
"Full Stack Developer","JavaScript;Next.js;Node.js;MongoDB;Git","Conçoit des applications web modernes orientées performance.","AWS Certified Cloud Practitioner"
"Full Stack Developer","Java;Spring Boot;Angular;MySQL;Git","Développe des solutions web full stack en Java.","Oracle Certified Professional Java SE"
"Full Stack Developer","JavaScript;React;Express;PostgreSQL;Git","Développe des applications web complètes et évolutives.","AWS Certified Developer"
"Full Stack Developer","Python;Flask;Vue.js;SQLite;Git","Crée des applications web légères full stack.","PCAP – Certified Associate in Python Programming"
"Full Stack Developer","JavaScript;Svelte;Node.js;MongoDB;Git","Développe des applications web performantes et modernes.","AWS Certified Cloud Practitioner"
"Full Stack Developer","C#;.NET;React;SQL Server;Git","Développe des applications web full stack en .NET.","Microsoft Certified: Azure Developer Associate"
"Full Stack Developer","JavaScript;React;NestJS;PostgreSQL;Git","Conçoit des architectures web full stack structurées.","AWS Certified Developer"
"Full Stack Developer","Python;Django REST;Angular;PostgreSQL;Git","Développe des applications web complètes orientées API.","PCAP – Certified Associate in Python Programming"
"Full Stack Developer","JavaScript;React;Node.js;Docker;Git","Développe et déploie des applications web conteneurisées.","Docker Certified Associate"
"Full Stack Developer","Java;Spring Boot;React;MySQL;Git","Développe des applications web full stack orientées entreprise.","Oracle Certified Professional Java SE"
"Full Stack Developer","JavaScript;Angular;Node.js;MongoDB;Git","Implémente des applications web complètes et interactives.","MongoDB Certified Developer Associate"
"Full Stack Developer","Python;FastAPI;React;PostgreSQL;Git","Développe des applications web modernes et performantes.","AWS Certified Developer"
"Full Stack Developer","JavaScript;React;GraphQL;Node.js;Git","Développe des applications web utilisant GraphQL.","Apollo GraphQL Certification"
"Full Stack Developer","PHP;Laravel;Vue.js;MySQL;Git","Développe des applications web full stack en PHP.","Zend Certified PHP Engineer"
"Full Stack Developer","JavaScript;React;Node.js;Redis;Git","Optimise les performances des applications web.","Redis Certified Developer"
"Full Stack Developer","Python;Django;Bootstrap;PostgreSQL;Git","Développe des applications web complètes avec interfaces responsives.","PCAP – Certified Associate in Python Programming"
"Full Stack Developer","JavaScript;Angular;Spring Boot;PostgreSQL;Git","Conçoit des applications web full stack sécurisées.","Oracle Certified Professional Java SE"
"Full Stack Developer","JavaScript;React;Node.js;REST APIs;Git","Développe des applications web orientées services.","AWS Certified Cloud Practitioner"
"Full Stack Developer","Python;Flask;React;MySQL;Git","Crée des applications web full stack simples.","PCAP – Certified Associate in Python Programming"
"Full Stack Developer","JavaScript;Next.js;Node.js;PostgreSQL;Git","Développe des applications web SEO-friendly.","AWS Certified Developer"
"Full Stack Developer","C#;.NET Core;Angular;SQL Server;Git","Développe des solutions web full stack en environnement Microsoft.","Microsoft Certified: Azure Developer Associate"
"Full Stack Developer","JavaScript;React;Node.js;CI/CD;Git","Participe à l’industrialisation des applications web.","Docker Certified Associate"
"Full Stack Developer","Java;Spring Boot;Vue.js;MySQL;Git","Développe des applications web full stack performantes.","Oracle Certified Associate Java SE"
"Full Stack Developer","JavaScript;Angular;Node.js;Docker;Git","Développe des applications web conteneurisées.","Docker Certified Associate"
"Full Stack Developer","Python;FastAPI;Vue.js;PostgreSQL;Git","Conçoit des applications web modernes full stack.","AWS Certified Developer"
"Full Stack Developer","JavaScript;React;Node.js;Authentication;Git","Implémente l’authentification et la sécurité des applications web.","Auth0 Certified Professional"
"Full Stack Developer","PHP;Laravel;React;MySQL;Git","Développe des applications web full stack hybrides.","Zend Certified PHP Engineer"
"Full Stack Developer","JavaScript;SvelteKit;Node.js;PostgreSQL;Git","Développe des applications web rapides et légères.","AWS Certified Cloud Practitioner"
"Full Stack Developer","Java;Spring Boot;React;PostgreSQL;Git","Conçoit des solutions web full stack robustes.","Oracle Certified Professional Java SE"
"Full Stack Developer","JavaScript;React;Node.js;Testing;Git","Développe et teste des applications web complètes.","ISTQB Certified Tester Foundation Level"
"Full Stack Developer","Python;Django;React;REST APIs;Git","Développe des applications web orientées API.","PCAP – Certified Associate in Python Programming"
"Full Stack Developer","JavaScript;Angular;Node.js;Performance;Git","Optimise les performances des applications web.","AWS Certified Developer"
"Full Stack Developer","C#;.NET;Blazor;SQL Server;Git","Développe des applications web full stack avec Blazor.","Microsoft Certified: Azure Developer Associate"
"Full Stack Developer","JavaScript;React;Node.js;Cloud;Git","Déploie des applications web full stack sur le cloud.","AWS Certified Cloud Practitioner"
"Full Stack Developer","Python;FastAPI;React;Docker;Git","Développe et déploie des applications web modernes.","Docker Certified Associate"
"Full Stack Developer","Java;Spring Boot;Angular;Security;Git","Conçoit des applications web full stack sécurisées.","Oracle Certified Professional Java SE"
"Full Stack Developer","JavaScript;React;Node.js;Scalability;Git","Développe des applications web capables de monter en charge.","AWS Certified Solutions Architect"
"Backend Developer","Java;Spring Boot;REST APIs;PostgreSQL;Git","Développe des services backend robustes et maintenables pour des applications web.","Oracle Certified Professional Java SE;AWS Certified Developer"
"Backend Developer","Python;Django;REST APIs;PostgreSQL;Git","Conçoit et maintient des API backend évolutives.","PCAP – Certified Associate in Python Programming;AWS Certified Developer"
"Backend Developer","Node.js;Express;MongoDB;REST APIs;Git","Implémente des services backend orientés microservices.","MongoDB Certified Developer Associate"
"Backend Developer","C#;.NET Core;SQL Server;REST APIs;Git","Développe des API backend performantes en environnement Microsoft.","Microsoft Certified: Azure Developer Associate"
"Backend Developer","Go;REST APIs;Docker;PostgreSQL;Git","Conçoit des services backend rapides et fiables.","Docker Certified Associate"
"Backend Developer","Java;Spring Boot;Hibernate;MySQL;Git","Développe la couche métier et l’accès aux données.","Oracle Certified Associate Java SE"
"Backend Developer","Python;FastAPI;JWT;PostgreSQL;Git","Crée des API sécurisées et performantes.","AWS Certified Developer"
"Backend Developer","PHP;Laravel;MySQL;REST APIs;Git","Maintient et fait évoluer des applications backend PHP.","Zend Certified PHP Engineer"
"Backend Developer","Node.js;NestJS;TypeScript;PostgreSQL;Git","Développe des API structurées avec bonnes pratiques.","AWS Certified Developer"
"Backend Developer","Java;Spring Security;OAuth2;REST APIs;Git","Implémente la sécurité des services backend.","Oracle Certified Professional Java SE"
"Backend Developer","Python;Flask;SQLAlchemy;MySQL;Git","Développe des services backend légers.","PCAP – Certified Associate in Python Programming"
"Backend Developer","Ruby;Rails;PostgreSQL;REST APIs;Git","Développe des applications backend web en Ruby.","Ruby Association Certified Ruby Programmer"
"Backend Developer","Java;Spring Boot;Kafka;Microservices;Git","Développe des systèmes backend événementiels.","Confluent Certified Developer for Apache Kafka"
"Backend Developer","C#;.NET;Entity Framework;SQL Server;Git","Développe la logique métier et la persistance des données.","Microsoft Certified: .NET Developer"
"Backend Developer","Go;gRPC;Microservices;Docker;Git","Implémente des services backend distribués.","Certified Kubernetes Application Developer"
"Backend Developer","Python;Django REST Framework;PostgreSQL;Git;REST APIs","Développe des API REST complètes.","PCAP – Certified Associate in Python Programming"
"Backend Developer","Java;Spring Boot;JUnit;Git;CI/CD","Participe aux tests et à l’intégration continue.","Oracle Certified Associate Java SE"
"Backend Developer","Node.js;Express;JWT;REST APIs;Git","Développe des API backend sécurisées.","AWS Certified Cloud Practitioner"
"Backend Developer","PHP;Symfony;Doctrine;MySQL;Git","Maintient des applications backend Symfony.","Symfony Certified Developer"
"Backend Developer","Python;Asyncio;FastAPI;Docker;Git","Développe des services backend asynchrones.","AWS Certified Developer"
"Backend Developer","Java;Spring Boot;Redis;Caching;Git","Optimise les performances backend via le cache.","Redis Certified Developer"
"Backend Developer","Node.js;Microservices;Docker;Git;REST APIs","Conçoit des architectures backend modulaires.","Docker Certified Associate"
"Backend Developer","C#;.NET Core;REST APIs;Docker;Git","Développe des API backend conteneurisées.","Microsoft Certified: Azure Developer Associate"
"Backend Developer","Python;Celery;Redis;Git;Docker","Met en place des traitements asynchrones.","Redis Certified Developer"
"Backend Developer","Java;Spring Batch;ETL;SQL;Git","Développe des traitements batch backend.","Oracle Certified Professional Java SE"
"Backend Developer","Go;REST APIs;PostgreSQL;Git;Docker","Implémente des services backend cloud-ready.","Certified Kubernetes Application Developer"
"Backend Developer","Node.js;GraphQL;Apollo;Git;MongoDB","Développe des API GraphQL backend.","Apollo GraphQL Certification"
"Backend Developer","Python;SQL;Data Processing;Git;ETL","Développe des services backend orientés données.","IBM Data Engineering Professional Certificate"
"Backend Developer","Java;Spring Boot;Monitoring;Git;Prometheus","Met en place la supervision backend.","Oracle Certified Professional Java SE"
"Backend Developer","PHP;Laravel;REST APIs;Git;MySQL","Développe des services backend REST.","Zend Certified PHP Engineer"
"Backend Developer","Python;FastAPI;Docker;Git;PostgreSQL","Conçoit des services backend modernes.","AWS Certified Developer"
"Backend Developer","Java;Spring Boot;Clean Code;Git;OOP","Améliore la qualité et la maintenabilité du code backend.","Oracle Certified Associate Java SE"
"Backend Developer","Node.js;NestJS;REST APIs;Git;PostgreSQL","Développe des API backend évolutives.","AWS Certified Developer"
"Backend Developer","C#;.NET;Microservices;Azure;Git","Développe des services backend cloud.","Microsoft Certified: Azure Developer Associate"
"Backend Developer","Python;Security;JWT;OAuth2;Git","Implémente la sécurité des API backend.","Auth0 Certified Professional"
"Backend Developer","Java;Spring Boot;REST APIs;Swagger;Git","Documente et maintient les API backend.","Oracle Certified Professional Java SE"
"Backend Developer","Go;Microservices;Docker;Git;Cloud","Développe des services backend cloud-native.","Certified Kubernetes Application Developer"
"Backend Developer","Node.js;Performance;REST APIs;Git;Docker","Optimise les performances backend.","AWS Certified Developer"
"Backend Developer","Python;Testing;PyTest;Git;CI/CD","Développe et maintient des tests backend.","ISTQB Certified Tester Foundation Level"
"Backend Developer","Java;Spring Boot;Integration;REST APIs;Git","Assure l’intégration entre systèmes backend.","Oracle Certified Professional Java SE"
"Backend Developer","PHP;Symfony;REST APIs;Git;PostgreSQL","Développe des API backend professionnelles.","Symfony Certified Developer"
"Backend Developer","Python;FastAPI;Scalability;Git;Docker","Conçoit des services backend scalables.","AWS Certified Solutions Architect"
"Backend Developer","Java;Spring Boot;Microservices;Git;Docker","Développe des architectures backend distribuées.","Oracle Certified Professional Java SE"
"Backend Developer","Node.js;Security;REST APIs;Git;JWT","Renforce la sécurité des services backend.","AWS Certified Security – Specialty"
"Backend Developer","C#;.NET;REST APIs;Git;SQL Server","Développe et maintient des services backend.","Microsoft Certified: .NET Developer"
"Frontend Developer","HTML;CSS;JavaScript;Git;Responsive Design","Développe des interfaces web responsives et accessibles.","W3C Front-End Web Developer"
"Frontend Developer","JavaScript;React;CSS;Git;REST APIs","Développe des interfaces utilisateur dynamiques.","Meta Front-End Developer Certificate"
"Frontend Developer","JavaScript;Angular;TypeScript;Git;HTML","Conçoit des applications frontend complexes.","Angular Certification"
"Frontend Developer","JavaScript;Vue.js;HTML;CSS;Git","Développe des interfaces utilisateur interactives.","Vue.js Certification"
"Frontend Developer","HTML;CSS;Bootstrap;Git;UX","Crée des interfaces web ergonomiques.","Google UX Design Certificate"
"Frontend Developer","JavaScript;React;Redux;Git;CSS","Gère l’état des applications frontend.","Meta Front-End Developer Certificate"
"Frontend Developer","JavaScript;SASS;HTML;CSS;Git","Maintient des styles frontend modulaires.","W3C Front-End Web Developer"
"Frontend Developer","TypeScript;Angular;RxJS;Git;HTML","Développe des applications frontend performantes.","Angular Certification"
"Frontend Developer","JavaScript;Next.js;React;Git;SEO","Optimise les performances et le SEO frontend.","Google Mobile Web Specialist"
"Frontend Developer","HTML;CSS;JavaScript;Accessibility;Git","Améliore l’accessibilité des interfaces web.","IAAP CPACC Certification"
"Frontend Developer","JavaScript;Vue.js;Pinia;Git;CSS","Développe des interfaces frontend maintenables.","Vue.js Certification"
"Frontend Developer","JavaScript;React;Testing;Jest;Git","Développe et teste des composants frontend.","ISTQB Certified Tester Foundation Level"
"Frontend Developer","HTML;CSS;Tailwind;Git;Responsive Design","Crée des interfaces modernes et responsives.","Tailwind CSS Certification"
"Frontend Developer","JavaScript;Svelte;HTML;CSS;Git","Développe des interfaces web légères.","Front-End Developer Certification"
"Frontend Developer","JavaScript;React;REST APIs;Git;UX","Intègre des API backend aux interfaces frontend.","Meta Front-End Developer Certificate"
"Frontend Developer","HTML;CSS;JavaScript;Performance;Git","Optimise les performances frontend.","Google Mobile Web Specialist"
"Frontend Developer","JavaScript;Angular;Material UI;Git;CSS","Développe des interfaces frontend cohérentes.","Angular Certification"
"Frontend Developer","JavaScript;Vue.js;REST APIs;Git;HTML","Intègre des services backend aux interfaces.","Vue.js Certification"
"Frontend Developer","HTML;CSS;JavaScript;Cross-Browser;Git","Assure la compatibilité multi-navigateurs.","W3C Front-End Web Developer"
"Frontend Developer","JavaScript;React;Hooks;Git;CSS","Développe des composants frontend réutilisables.","Meta Front-End Developer Certificate"
"Frontend Developer","JavaScript;Angular;State Management;Git;TypeScript","Gère l’état complexe des applications frontend.","Angular Certification"
"Frontend Developer","HTML;CSS;JavaScript;UX;Git","Améliore l’expérience utilisateur des applications web.","Google UX Design Certificate"
"Frontend Developer","JavaScript;Vue.js;Composition API;Git;CSS","Développe des interfaces frontend modernes.","Vue.js Certification"
"Frontend Developer","JavaScript;React;CSS Modules;Git;HTML","Structure les styles frontend efficacement.","Meta Front-End Developer Certificate"
"Frontend Developer","HTML;CSS;JavaScript;Animations;Git","Implémente des animations frontend fluides.","Front-End Developer Certification"
"Frontend Developer","JavaScript;Angular;REST APIs;Git;HTML","Connecte le frontend aux services backend.","Angular Certification"
"Frontend Developer","JavaScript;React;UI Libraries;Git;CSS","Utilise des bibliothèques UI modernes.","Meta Front-End Developer Certificate"
"Frontend Developer","HTML;CSS;JavaScript;SEO;Git","Optimise le référencement frontend.","Google Mobile Web Specialist"
"Frontend Developer","JavaScript;Vue.js;Testing;Git;CSS","Teste et maintient des interfaces frontend.","ISTQB Certified Tester Foundation Level"
"Frontend Developer","JavaScript;React;Performance;Git;HTML","Améliore la rapidité des applications frontend.","Google Mobile Web Specialist"
"Frontend Developer","HTML;CSS;JavaScript;Design Systems;Git","Met en place des design systems frontend.","UX Certification"
"Frontend Developer","JavaScript;Angular;Components;Git;CSS","Développe des composants frontend réutilisables.","Angular Certification"
"Frontend Developer","JavaScript;React;REST APIs;Git;TypeScript","Développe des interfaces frontend typées.","Meta Front-End Developer Certificate"
"Frontend Developer","HTML;CSS;JavaScript;Responsive;Git","Crée des interfaces adaptatives multi-écrans.","W3C Front-End Web Developer"
"Frontend Developer","JavaScript;Vue.js;Performance;Git;HTML","Optimise les performances des interfaces frontend.","Vue.js Certification"
"Frontend Developer","JavaScript;React;Accessibility;Git;CSS","Améliore l’accessibilité des interfaces.","IAAP CPACC Certification"
"Frontend Developer","HTML;CSS;JavaScript;UI/UX;Git","Travaille sur l’ergonomie et le design frontend.","Google UX Design Certificate"
"Frontend Developer","JavaScript;Angular;Security;Git;HTML","Renforce la sécurité des applications frontend.","Front-End Security Certification"
"Frontend Developer","JavaScript;React;State Management;Git;CSS","Gère l’état global des applications frontend.","Meta Front-End Developer Certificate"
"Frontend Developer","HTML;CSS;JavaScript;Maintenance;Git","Maintient et améliore des interfaces frontend existantes.","W3C Front-End Web Developer"
"Frontend Developer","JavaScript;Vue.js;UI Components;Git;CSS","Développe des composants UI frontend.","Vue.js Certification"
"Web Developer","HTML;CSS;JavaScript;Git;Responsive Design","Développe des sites web modernes et responsives.","W3C Web Developer Certification"
"Web Developer","HTML;CSS;JavaScript;PHP;MySQL","Développe des sites web dynamiques.","Zend Certified PHP Engineer"
"Web Developer","JavaScript;Node.js;HTML;CSS;Git","Développe des applications web complètes.","AWS Certified Cloud Practitioner"
"Web Developer","HTML;CSS;Bootstrap;JavaScript;Git","Crée des sites web responsives rapidement.","W3C Web Developer Certification"
"Web Developer","PHP;Laravel;HTML;CSS;Git","Développe des applications web backend et frontend.","Zend Certified PHP Engineer"
"Web Developer","JavaScript;React;HTML;CSS;Git","Développe des interfaces web interactives.","Meta Front-End Developer Certificate"
"Web Developer","HTML;CSS;JavaScript;SEO;Git","Optimise le référencement des sites web.","Google Mobile Web Specialist"
"Web Developer","Python;Django;HTML;CSS;Git","Développe des applications web complètes.","PCAP – Certified Associate in Python Programming"
"Web Developer","HTML;CSS;JavaScript;UX;Git","Améliore l’expérience utilisateur des sites web.","Google UX Design Certificate"
"Web Developer","PHP;WordPress;HTML;CSS;Git","Développe et personnalise des sites WordPress.","WordPress Certified Developer"
"Web Developer","JavaScript;Vue.js;HTML;CSS;Git","Développe des applications web frontend.","Vue.js Certification"
"Web Developer","HTML;CSS;JavaScript;Maintenance;Git","Maintient et met à jour des sites web existants.","W3C Web Developer Certification"
"Web Developer","JavaScript;Angular;HTML;CSS;Git","Développe des applications web structurées.","Angular Certification"
"Web Developer","HTML;CSS;JavaScript;Accessibility;Git","Améliore l’accessibilité des sites web.","IAAP CPACC Certification"
"Web Developer","PHP;MySQL;HTML;CSS;Git","Développe des sites web dynamiques en PHP.","Zend Certified PHP Engineer"
"Web Developer","JavaScript;Next.js;HTML;CSS;Git","Développe des sites web performants.","Google Mobile Web Specialist"
"Web Developer","HTML;CSS;JavaScript;Cross-Browser;Git","Assure la compatibilité multi-navigateurs.","W3C Web Developer Certification"
"Web Developer","Python;Flask;HTML;CSS;Git","Développe des applications web légères.","PCAP – Certified Associate in Python Programming"
"Web Developer","JavaScript;Svelte;HTML;CSS;Git","Développe des sites web rapides et légers.","Front-End Developer Certification"
"Web Developer","HTML;CSS;JavaScript;Security;Git","Applique les bonnes pratiques de sécurité web.","Web Security Certification"
"Web Developer","PHP;Symfony;HTML;CSS;Git","Développe des applications web professionnelles.","Symfony Certified Developer"
"Web Developer","JavaScript;React;HTML;CSS;Git","Crée des applications web interactives.","Meta Front-End Developer Certificate"
"Web Developer","HTML;CSS;JavaScript;Performance;Git","Optimise les performances des sites web.","Google Mobile Web Specialist"
"Web Developer","Python;Django;HTML;CSS;Git","Développe des sites web backend et frontend.","PCAP – Certified Associate in Python Programming"
"Web Developer","HTML;CSS;JavaScript;Design;Git","Travaille sur le design et l’ergonomie web.","Google UX Design Certificate"
"Web Developer","JavaScript;Angular;HTML;CSS;Git","Développe des applications web modernes.","Angular Certification"
"Web Developer","PHP;Laravel;HTML;CSS;Git","Développe des sites web dynamiques et maintenables.","Zend Certified PHP Engineer"
"Web Developer","HTML;CSS;JavaScript;SEO;Git","Optimise la visibilité des sites web.","Google Mobile Web Specialist"
"Web Developer","JavaScript;Vue.js;HTML;CSS;Git","Développe des interfaces web interactives.","Vue.js Certification"
"Web Developer","HTML;CSS;JavaScript;Testing;Git","Teste et maintient des sites web.","ISTQB Certified Tester Foundation Level"
"Web Developer","Python;Flask;HTML;CSS;Git","Développe des applications web simples.","PCAP – Certified Associate in Python Programming"
"Web Developer","HTML;CSS;JavaScript;CMS;Git","Développe des sites web basés sur CMS.","CMS Developer Certification"
"Web Developer","JavaScript;Node.js;HTML;CSS;Git","Développe des applications web full stack.","AWS Certified Cloud Practitioner"
"Web Developer","HTML;CSS;JavaScript;Maintenance;Git","Assure la maintenance continue des sites web.","W3C Web Developer Certification"
"Web Developer","PHP;WordPress;HTML;CSS;Git","Développe et personnalise des thèmes WordPress.","WordPress Certified Developer"
"Web Developer","JavaScript;React;HTML;CSS;Git","Développe des sites web modernes.","Meta Front-End Developer Certificate"
"Web Developer","HTML;CSS;JavaScript;UX;Git","Optimise l’expérience utilisateur web.","Google UX Design Certificate"
"Web Developer","Python;Django;HTML;CSS;Git","Développe des applications web professionnelles.","PCAP – Certified Associate in Python Programming"
"Web Developer","HTML;CSS;JavaScript;Security;Git","Renforce la sécurité des sites web.","Web Security Certification"
"Web Developer","JavaScript;Angular;HTML;CSS;Git","Conçoit des applications web robustes.","Angular Certification"
"WordPress Developer","WordPress;PHP;HTML;CSS;Git","Développe et personnalise des sites WordPress.","WordPress Certified Developer"
"WordPress Developer","WordPress;PHP;MySQL;HTML;CSS","Crée des thèmes WordPress sur mesure.","WordPress Theme Development Certification"
"WordPress Developer","WordPress;PHP;JavaScript;HTML;CSS","Développe des plugins WordPress personnalisés.","WordPress Plugin Development Certification"
"WordPress Developer","WordPress;WooCommerce;PHP;HTML;CSS","Développe des boutiques en ligne WooCommerce.","WooCommerce Developer Certification"
"WordPress Developer","WordPress;Elementor;HTML;CSS;PHP","Crée des sites WordPress avec des builders visuels.","Elementor Expert Certification"
"WordPress Developer","WordPress;SEO;HTML;CSS;PHP","Optimise le référencement des sites WordPress.","Yoast SEO Certification"
"WordPress Developer","WordPress;Security;PHP;HTML;CSS","Renforce la sécurité des sites WordPress.","WordPress Security Certification"
"WordPress Developer","WordPress;Performance;Caching;PHP;CSS","Optimise les performances des sites WordPress.","WordPress Performance Certification"
"WordPress Developer","WordPress;Multisite;PHP;HTML;CSS","Gère des environnements WordPress multisites.","WordPress Multisite Certification"
"WordPress Developer","WordPress;REST API;PHP;JavaScript;Git","Intègre WordPress avec des applications externes.","WordPress REST API Certification"
"WordPress Developer","WordPress;Theme Customization;CSS;PHP;HTML","Personnalise des thèmes WordPress existants.","WordPress Theme Development Certification"
"WordPress Developer","WordPress;Plugin Customization;PHP;Git;HTML","Adapte des plugins WordPress aux besoins métiers.","WordPress Plugin Development Certification"
"WordPress Developer","WordPress;WooCommerce;Payment Gateways;PHP;HTML","Intègre des solutions de paiement WooCommerce.","WooCommerce Developer Certification"
"WordPress Developer","WordPress;ACF;PHP;HTML;CSS","Utilise Advanced Custom Fields pour des sites sur mesure.","ACF Certification"
"WordPress Developer","WordPress;Gutenberg;JavaScript;HTML;CSS","Développe des blocs Gutenberg personnalisés.","Gutenberg Block Development Certification"
"WordPress Developer","WordPress;Maintenance;Updates;Security;PHP","Assure la maintenance continue des sites WordPress.","WordPress Maintenance Certification"
"WordPress Developer","WordPress;Migration;PHP;MySQL;Git","Gère la migration de sites WordPress.","WordPress Migration Certification"
"WordPress Developer","WordPress;SEO;Content Management;HTML;CSS","Optimise la gestion de contenu WordPress.","Yoast SEO Certification"
"WordPress Developer","WordPress;Performance;CDN;Caching;PHP","Met en place des solutions de cache et CDN.","WordPress Performance Certification"
"WordPress Developer","WordPress;Security;Firewall;PHP;HTML","Protège les sites WordPress contre les attaques.","WordPress Security Certification"
"WordPress Developer","WordPress;WooCommerce;Inventory;PHP;HTML","Gère les catalogues produits WooCommerce.","WooCommerce Developer Certification"
"WordPress Developer","WordPress;Custom Themes;PHP;HTML;CSS","Développe des thèmes WordPress sur mesure.","WordPress Theme Development Certification"
"WordPress Developer","WordPress;Plugins;PHP;JavaScript;HTML","Développe des fonctionnalités WordPress avancées.","WordPress Plugin Development Certification"
"WordPress Developer","WordPress;REST API;Integration;PHP;Git","Intègre WordPress dans des architectures headless.","WordPress REST API Certification"
"WordPress Developer","WordPress;Headless;React;PHP;Git","Développe des sites WordPress headless.","Headless WordPress Certification"
"WordPress Developer","WordPress;Performance;Optimization;PHP;CSS","Optimise le temps de chargement des sites.","WordPress Performance Certification"
"WordPress Developer","WordPress;Security;Hardening;PHP;HTML","Applique le hardening de sécurité WordPress.","WordPress Security Certification"
"WordPress Developer","WordPress;WooCommerce;Customization;PHP;CSS","Personnalise les boutiques WooCommerce.","WooCommerce Developer Certification"
"WordPress Developer","WordPress;Multilingual;WPML;PHP;HTML","Développe des sites WordPress multilingues.","WPML Certification"
"WordPress Developer","WordPress;Accessibility;HTML;CSS;PHP","Améliore l’accessibilité des sites WordPress.","Web Accessibility Certification"
"WordPress Developer","WordPress;Backup;Restore;PHP;MySQL","Met en place des solutions de sauvegarde WordPress.","WordPress Maintenance Certification"
"WordPress Developer","WordPress;SEO;Performance;PHP;HTML","Optimise SEO et performances WordPress.","Yoast SEO Certification"
"WordPress Developer","WordPress;Custom Post Types;PHP;HTML;CSS","Crée des types de contenus personnalisés.","WordPress Development Certification"
"WordPress Developer","WordPress;Gutenberg;Blocks;JavaScript;CSS","Développe des blocs Gutenberg avancés.","Gutenberg Block Development Certification"
"WordPress Developer","WordPress;Maintenance;Security;PHP;Git","Assure la maintenance et la sécurité continue.","WordPress Maintenance Certification"
"WordPress Developer","WordPress;WooCommerce;API;PHP;Git","Intègre WooCommerce avec des systèmes externes.","WooCommerce Developer Certification"
"WordPress Developer","WordPress;Theme Optimization;CSS;PHP;HTML","Optimise les thèmes WordPress existants.","WordPress Theme Development Certification"
"WordPress Developer","WordPress;Plugin Development;PHP;Git;HTML","Développe des plugins WordPress sur mesure.","WordPress Plugin Development Certification"
"WordPress Developer","WordPress;Headless;API;PHP;JavaScript","Développe des solutions WordPress headless.","Headless WordPress Certification"
"WordPress Developer","WordPress;Performance;Caching;CDN;PHP","Met en œuvre des stratégies de performance avancées.","WordPress Performance Certification"
"WordPress Developer","WordPress;Security;Monitoring;PHP;HTML","Surveille et sécurise les sites WordPress.","WordPress Security Certification"
"Mobile Developer","Java;Android SDK;REST APIs;Git;SQLite","Développe des applications Android performantes et maintenables.","Google Associate Android Developer"
"Mobile Developer","Kotlin;Android Jetpack;MVVM;Git;Room","Conçoit des applications Android modernes avec architecture MVVM.","Google Associate Android Developer"
"Mobile Developer","Swift;iOS SDK;UIKit;Git;CoreData","Développe des applications iOS natives orientées performance.","Apple Certified iOS Developer"
"Mobile Developer","SwiftUI;iOS SDK;REST APIs;Git;Combine","Crée des interfaces iOS modernes et réactives.","Apple Certified iOS Developer"
"Mobile Developer","Flutter;Dart;Mobile UI;Git;REST APIs","Développe des applications mobiles multiplateformes.","Flutter Development Certification"
"Mobile Developer","React Native;JavaScript;Mobile UI;Git;REST APIs","Crée des applications mobiles hybrides.","Meta React Native Certification"
"Mobile Developer","Kotlin;Android;Firebase;Git;CI/CD","Intègre des services cloud dans des applications mobiles.","Firebase Certified Developer"
"Mobile Developer","Java;Android;Performance Tuning;Git;Profiling","Optimise les performances des applications mobiles.","Google Associate Android Developer"
"Mobile Developer","Swift;iOS;Testing;XCTest;Git","Développe et teste des applications iOS.","Apple Certified iOS Developer"
"Mobile Developer","Flutter;Dart;State Management;Git;REST APIs","Développe des applications mobiles scalables.","Flutter Development Certification"
"Mobile Developer","React Native;TypeScript;Mobile UI;Git;Redux","Développe des applications mobiles maintenables.","Meta Mobile Developer Certificate"
"Mobile Developer","Kotlin;Android;Security;Git;OAuth2","Implémente la sécurité des applications mobiles.","Android Security Certification"
"Mobile Developer","Swift;iOS;REST APIs;Git;JSON","Intègre des services backend aux applications iOS.","Apple Certified iOS Developer"
"Mobile Developer","Flutter;Dart;Animations;Git;UI/UX","Développe des interfaces mobiles fluides.","Flutter Development Certification"
"Mobile Developer","Java;Android;SQLite;Git;Room","Gère la persistance des données mobiles.","Google Associate Android Developer"
"Mobile Developer","React Native;JavaScript;Testing;Git;Jest","Teste et maintient des applications mobiles.","ISTQB Certified Tester Foundation Level"
"Mobile Developer","Kotlin;Android;CI/CD;Git;Fastlane","Automatise les déploiements mobiles.","Google Associate Android Developer"
"Mobile Developer","Swift;iOS;Accessibility;Git;UI","Améliore l’accessibilité des applications iOS.","IAAP CPACC Certification"
"Mobile Developer","Flutter;Dart;Firebase;Git;Auth","Intègre l’authentification mobile.","Firebase Certified Developer"
"Mobile Developer","Java;Android;REST APIs;Git;JSON","Développe des applications Android orientées services.","Google Associate Android Developer"
"Mobile Developer","SwiftUI;iOS;Performance;Git;Instruments","Optimise les performances des apps iOS.","Apple Certified iOS Developer"
"Mobile Developer","React Native;Mobile Performance;Git;Profiling;JS","Optimise la performance des applications hybrides.","Meta Mobile Developer Certificate"
"Mobile Developer","Flutter;Dart;Testing;Git;Unit Tests","Écrit des tests pour applications mobiles.","ISTQB Certified Tester Foundation Level"
"Mobile Developer","Kotlin;Android;Material Design;Git;UI","Conçoit des interfaces Android conformes Material Design.","Google Associate Android Developer"
"Mobile Developer","Swift;iOS;Push Notifications;Git;APNs","Implémente les notifications push iOS.","Apple Certified iOS Developer"
"Mobile Developer","Flutter;Cross-Platform;Git;REST APIs;UI","Développe des applications mobiles multiplateformes.","Flutter Development Certification"
"Mobile Developer","React Native;Expo;JavaScript;Git;Mobile UI","Développe rapidement des applications mobiles.","Meta React Native Certification"
"Mobile Developer","Kotlin;Android;Maps;Git;Location APIs","Intègre la géolocalisation mobile.","Google Associate Android Developer"
"Mobile Developer","Swift;iOS;In-App Purchases;Git;StoreKit","Implémente les achats intégrés iOS.","Apple Certified iOS Developer"
"Mobile Developer","Flutter;Dart;Responsive UI;Git;Design","Développe des interfaces mobiles adaptatives.","Flutter Development Certification"
"Mobile Developer","Java;Android;Bluetooth;Git;IoT","Développe des applications mobiles connectées.","Android IoT Certification"
"Mobile Developer","Swift;iOS;ARKit;Git;3D","Développe des applications iOS en réalité augmentée.","Apple ARKit Certification"
"Mobile Developer","React Native;Mobile Security;Git;Auth;JS","Renforce la sécurité des applications mobiles.","Mobile Security Certification"
"Mobile Developer","Flutter;Dart;Performance;Git;Profiling","Optimise la consommation des ressources mobiles.","Flutter Development Certification"
"Mobile Developer","Kotlin;Android;Multimedia;Git;Camera APIs","Intègre des fonctionnalités multimédia.","Google Associate Android Developer"
"Mobile Developer","Swift;iOS;Networking;Git;URLSession","Développe des communications réseau iOS.","Apple Certified iOS Developer"
"Mobile Developer","Flutter;Dart;Localization;Git;i18n","Développe des applications mobiles multilingues.","Flutter Development Certification"
"Mobile Developer","React Native;State Management;Git;Redux;JS","Gère l’état global des applications mobiles.","Meta Mobile Developer Certificate"
"Mobile Developer","Kotlin;Android;Background Services;Git;WorkManager","Développe des services Android en arrière-plan.","Google Associate Android Developer"
"Mobile Developer","Swift;iOS;UI Testing;Git;XCUITest","Teste les interfaces iOS.","ISTQB Certified Tester Foundation Level"
"Mobile Developer","Flutter;Dart;CI/CD;Git;Mobile Deploy","Automatise le cycle de vie mobile.","Flutter Development Certification"
"Mobile Developer","Java;Android;App Publishing;Git;Play Store","Gère la publication sur Google Play.","Google Play Certification"
"Mobile Developer","Swift;iOS;App Store;Git;Distribution","Gère la distribution App Store.","Apple Certified iOS Developer"
"Game Developer (Intern)","C++;Game Physics;OOP;Git;Math","Développe des mécaniques de jeu sous supervision.","Unity Junior Programmer Certification"
"Game Developer (Intern)","C#;Unity;Game Design;Git;Scripting","Implémente des fonctionnalités de jeu simples.","Unity Junior Programmer Certification"
"Game Developer (Intern)","Unity;Level Design;C#;Git;UI","Participe à la conception des niveaux de jeu.","Unity Certified Associate"
"Game Developer (Intern)","C++;Unreal Engine;Blueprints;Git;3D","Contribue au développement de jeux Unreal Engine.","Unreal Engine Certification"
"Game Developer (Intern)","Game Testing;QA;Bug Tracking;Git;Agile","Teste et rapporte les bugs des jeux.","ISTQB Certified Tester Foundation Level"
"Game Developer (Intern)","C#;Unity;Physics;Git;Animation","Implémente des interactions physiques simples.","Unity Certified Associate"
"Game Developer (Intern)","C++;Graphics Basics;OpenGL;Git;Math","Travaille sur les bases graphiques des jeux.","Game Development Fundamentals Certification"
"Game Developer (Intern)","Unity;UI;C#;Git;UX","Développe des interfaces utilisateur de jeu.","Unity Certified Associate"
"Game Developer (Intern)","C++;AI Basics;Git;Game Logic;Math","Implémente des comportements simples d’IA.","Game AI Fundamentals Certification"
"Game Developer (Intern)","Unity;Audio Integration;C#;Git;Assets","Intègre les sons et musiques dans les jeux.","Unity Certified Associate"
"Game Developer (Intern)","C#;Unity;Game Mechanics;Git;Debugging","Développe et ajuste les mécaniques de jeu.","Unity Junior Programmer Certification"
"Game Developer (Intern)","Unreal Engine;Blueprints;Git;Game Logic;3D","Implémente des logiques de jeu via Blueprints.","Unreal Engine Certification"
"Game Developer (Intern)","C++;Game Optimization;Git;Profiling;Math","Optimise les performances du jeu.","Game Performance Optimization Certification"
"Game Developer (Intern)","Unity;Mobile Games;C#;Git;Optimization","Développe des jeux mobiles simples.","Unity Mobile Developer Certification"
"Game Developer (Intern)","C++;Game Engines;Git;OOP;Math","Apprend le fonctionnement des moteurs de jeu.","Game Development Fundamentals Certification"
"Game Developer (Intern)","Unity;2D Games;C#;Git;Sprites","Développe des jeux 2D.","Unity Certified Associate"
"Game Developer (Intern)","C#;Unity;Game UI;Git;UX","Améliore l’ergonomie des jeux.","Unity Certified Associate"
"Game Developer (Intern)","Unreal Engine;C++;Git;Game Physics;3D","Contribue aux systèmes physiques du jeu.","Unreal Engine Certification"
"Game Developer (Intern)","C++;Math;Linear Algebra;Git;Game Logic","Travaille sur les calculs mathématiques du jeu.","Game Math Certification"
"Game Developer (Intern)","Unity;Scripting;C#;Git;Gameplay","Implémente des scripts de gameplay.","Unity Junior Programmer Certification"
"Game Developer (Intern)","C++;Graphics Pipeline;Git;Rendering;Math","Participe au rendu graphique.","Graphics Programming Certification"
"Game Developer (Intern)","Unity;Animation;C#;Git;Assets","Intègre les animations de personnages.","Unity Certified Associate"
"Game Developer (Intern)","Unreal Engine;Level Design;Git;Blueprints;3D","Participe à la création de niveaux 3D.","Unreal Engine Certification"
"Game Developer (Intern)","C#;Unity;Game Testing;Git;QA","Teste les fonctionnalités de jeu.","ISTQB Certified Tester Foundation Level"
"Game Developer (Intern)","Unity;Game AI;C#;Git;NavMesh","Implémente des déplacements d’IA simples.","Game AI Fundamentals Certification"
"Game Developer (Intern)","C++;Multiplayer Basics;Git;Networking;Game","Découvre les bases du jeu multijoueur.","Game Networking Certification"
"Game Developer (Intern)","Unity;Shaders Basics;C#;Git;Graphics","Travaille sur des shaders simples.","Shader Development Certification"
"Game Developer (Intern)","C++;Game Tools;Git;Debugging;Math","Développe des outils internes simples.","Game Tools Certification"
"Game Developer (Intern)","Unity;VR Basics;C#;Git;3D","Participe au développement de jeux VR.","Unity VR Development Certification"
"Game Developer (Intern)","C++;Game Architecture;Git;OOP;Design","Apprend l’architecture des jeux.","Game Architecture Certification"
"Game Developer (Intern)","Unity;Asset Management;C#;Git;Workflow","Gère les assets de jeu.","Unity Certified Associate"
"Game Developer (Intern)","Unreal Engine;C++;Git;Rendering;3D","Contribue au rendu 3D.","Unreal Engine Certification"
"Game Developer (Intern)","C#;Unity;Game Balancing;Git;Design","Ajuste l’équilibrage du gameplay.","Game Design Certification"
"Game Developer (Intern)","Unity;Scripting;C#;Git;Optimization","Optimise le code de gameplay.","Unity Junior Programmer Certification"
"Game Developer (Intern)","C++;Physics Simulation;Git;Math;Game","Travaille sur des simulations physiques.","Game Physics Certification"
"Game Developer (Intern)","Unity;UI Animation;C#;Git;UX","Développe des animations UI.","Unity Certified Associate"
"Game Developer (Intern)","Unreal Engine;Blueprints;Git;Game Events;3D","Implémente des événements de jeu.","Unreal Engine Certification"
"Game Developer (Intern)","C++;Game Loops;Git;Timing;Math","Travaille sur la boucle principale du jeu.","Game Programming Certification"
"Game Developer (Intern)","Unity;Audio Scripting;C#;Git;Sound","Programme les interactions audio.","Unity Certified Associate"
"Game Developer (Intern)","C++;Game Debugging;Git;Profiling;Tools","Analyse et corrige les bugs.","Game Debugging Certification"
"Game Developer (Intern)","Unity;Multiplayer Basics;C#;Git;Network","Découvre le jeu multijoueur Unity.","Unity Multiplayer Certification"
"Game Developer (Intern)","Unreal Engine;Level Scripting;Git;Blueprints;3D","Script les comportements de niveaux.","Unreal Engine Certification"
"Embedded Software Engineer","C;Embedded Linux;Git;Drivers;RTOS","Développe des logiciels pour systèmes embarqués.","Embedded Linux Certification"
"Embedded Software Engineer","C++;RTOS;Microcontrollers;Git;Drivers","Développe des applications temps réel embarquées.","Embedded Systems Certification"
"Embedded Software Engineer","Embedded C;ARM;Bare Metal;Git;Debugging","Programme des microcontrôleurs ARM.","ARM Embedded Certification"
"Embedded Software Engineer","C;FreeRTOS;Microcontrollers;Git;Timers","Développe des systèmes embarqués temps réel.","FreeRTOS Certification"
"Embedded Software Engineer","C++;Embedded Linux;Yocto;Git;Build Systems","Développe des distributions Linux embarquées.","Yocto Project Certification"
"Embedded Software Engineer","C;Hardware Interfaces;SPI;I2C;Git","Implémente des communications matérielles.","Embedded Systems Certification"
"Embedded Software Engineer","C++;Automotive Embedded;CAN;Git;RTOS","Développe des logiciels embarqués automobiles.","AUTOSAR Certification"
"Embedded Software Engineer","Embedded C;Power Management;Git;Low Power;MCU","Optimise la consommation énergétique.","Low Power Embedded Certification"
"Embedded Software Engineer","C;Embedded Testing;Git;Unit Tests;HIL","Teste les systèmes embarqués.","ISTQB Embedded Tester Certification"
"Embedded Software Engineer","C++;Sensor Integration;Git;Drivers;RTOS","Intègre des capteurs embarqués.","Embedded Systems Certification"
"Embedded Software Engineer","Embedded Linux;C;Networking;Git;TCP/IP","Développe des systèmes embarqués connectés.","Embedded Linux Certification"
"Embedded Software Engineer","C++;Bootloader;Git;MCU;Flash","Développe des bootloaders embarqués.","Embedded Bootloader Certification"
"Embedded Software Engineer","C;Embedded Security;Git;Secure Boot;Crypto","Implémente la sécurité embarquée.","Embedded Security Certification"
"Embedded Software Engineer","C++;DSP Basics;Git;Signal Processing;MCU","Implémente des traitements de signal embarqués.","DSP Certification"
"Embedded Software Engineer","Embedded Linux;Drivers;C;Git;Kernel","Développe des drivers Linux embarqués.","Linux Device Driver Certification"
"Embedded Software Engineer","C;Real-Time Systems;Git;Scheduling;RTOS","Conçoit des systèmes temps réel stricts.","Real-Time Systems Certification"
"Embedded Software Engineer","C++;IoT Devices;Git;MQTT;RTOS","Développe des dispositifs IoT embarqués.","IoT Embedded Certification"
"Embedded Software Engineer","Embedded C;Debugging;JTAG;Git;MCU","Analyse et corrige les bugs embarqués.","Embedded Debugging Certification"
"Embedded Software Engineer","C++;Memory Optimization;Git;MCU;RTOS","Optimise l’utilisation mémoire.","Embedded Systems Certification"
"Embedded Software Engineer","Embedded Linux;C;System Integration;Git;Buildroot","Intègre des systèmes Linux embarqués.","Buildroot Certification"
"Embedded Software Engineer","C;Embedded Networking;Git;CAN;Ethernet","Développe des communications réseau embarquées.","Embedded Networking Certification"
"Embedded Software Engineer","C++;Safety Critical Systems;Git;MISRA;RTOS","Développe des systèmes embarqués critiques.","MISRA C Certification"
"Embedded Software Engineer","Embedded C;Firmware Integration;Git;MCU;Flash","Intègre firmware et matériel.","Embedded Systems Certification"
"Embedded Software Engineer","C++;Embedded Middleware;Git;RTOS;APIs","Développe des couches middleware embarquées.","Embedded Software Architecture Certification"
"Embedded Software Engineer","Embedded Linux;C;System Debugging;Git;GDB","Diagnostique les systèmes embarqués.","Embedded Linux Certification"
"Embedded Software Engineer","C;Low-Level Programming;Git;Registers;MCU","Programme au niveau matériel.","Embedded Systems Certification"
"Embedded Software Engineer","C++;Embedded Toolchains;Git;Cross-Compile;MCU","Utilise des toolchains embarquées.","Embedded Toolchain Certification"
"Embedded Software Engineer","Embedded C;Power Electronics;Git;MCU;Control","Développe des systèmes de contrôle embarqués.","Embedded Control Systems Certification"
"Embedded Software Engineer","C++;Wireless Embedded;Git;BLE;WiFi","Développe des communications sans fil embarquées.","Wireless Embedded Certification"
"Embedded Software Engineer","Embedded Linux;C;OTA Updates;Git;IoT","Implémente les mises à jour embarquées.","IoT Embedded Certification"
"Embedded Software Engineer","C;Embedded Diagnostics;Git;Logging;RTOS","Met en place la supervision embarquée.","Embedded Diagnostics Certification"
"Embedded Software Engineer","C++;Embedded Performance;Git;Optimization;RTOS","Optimise les performances temps réel.","Embedded Performance Certification"
"Embedded Software Engineer","Embedded C;Sensor Fusion;Git;MCU;DSP","Implémente la fusion de capteurs.","Sensor Fusion Certification"
"Embedded Software Engineer","C++;Embedded Architecture;Git;OOP;RTOS","Conçoit l’architecture logicielle embarquée.","Embedded Software Architecture Certification"
"Embedded Software Engineer","Embedded Linux;C;Filesystem;Git;Flash","Gère les systèmes de fichiers embarqués.","Embedded Linux Certification"
"Embedded Software Engineer","C;Automotive Embedded;Git;LIN;CAN","Développe des logiciels embarqués véhicules.","AUTOSAR Certification"
"Embedded Software Engineer","C++;Embedded Simulation;Git;Testing;HIL","Simule et teste des systèmes embarqués.","Embedded Testing Certification"
"Embedded Software Engineer","Embedded C;Startup Code;Git;MCU;Boot","Développe le code de démarrage embarqué.","Embedded Boot Certification"
"Embedded Software Engineer","C++;Embedded Integration;Git;Hardware;RTOS","Assure l’intégration logiciel-matériel.","Embedded Systems Certification"
"Firmware Engineer","C;Firmware Development;Git;MCU;Flash","Développe des firmwares bas niveau.","Firmware Development Certification"
"Firmware Engineer","Embedded C;Bootloaders;Git;MCU;Startup","Développe et maintient des bootloaders.","Embedded Bootloader Certification"
"Firmware Engineer","C;RTOS;Firmware Architecture;Git;MCU","Conçoit l’architecture firmware.","Embedded Systems Certification"
"Firmware Engineer","C++;Firmware Optimization;Git;Memory;MCU","Optimise les performances du firmware.","Embedded Performance Certification"
"Firmware Engineer","Embedded C;Peripheral Drivers;Git;MCU;I2C","Développe des drivers firmware.","Embedded Systems Certification"
"Firmware Engineer","C;Low-Level Firmware;Git;Registers;MCU","Programme le firmware au niveau registre.","Firmware Development Certification"
"Firmware Engineer","Embedded C;Firmware Testing;Git;Unit Tests;HIL","Teste et valide le firmware.","ISTQB Embedded Tester Certification"
"Firmware Engineer","C++;Secure Firmware;Git;Crypto;MCU","Implémente la sécurité firmware.","Embedded Security Certification"
"Firmware Engineer","Embedded C;Firmware Updates;Git;OTA;Flash","Gère les mises à jour firmware.","Firmware Update Certification"
"Firmware Engineer","C;Power Optimization;Git;Low Power;MCU","Optimise la consommation énergétique firmware.","Low Power Embedded Certification"
"Firmware Engineer","C++;Firmware Debugging;Git;JTAG;MCU","Diagnostique les problèmes firmware.","Embedded Debugging Certification"
"Firmware Engineer","Embedded C;RTOS Integration;Git;Scheduling;MCU","Intègre un RTOS dans le firmware.","FreeRTOS Certification"
"Firmware Engineer","C;Communication Protocols;Git;UART;SPI","Implémente des protocoles de communication firmware.","Embedded Systems Certification"
"Firmware Engineer","C++;Firmware Architecture;Git;Modular Design;MCU","Conçoit un firmware modulaire.","Embedded Software Architecture Certification"
"Firmware Engineer","Embedded C;Sensor Drivers;Git;MCU;ADC","Développe des drivers capteurs.","Embedded Systems Certification"
"Firmware Engineer","C;Firmware Security;Git;Secure Boot;MCU","Implémente le secure boot firmware.","Embedded Security Certification"
"Firmware Engineer","C++;Firmware Performance;Git;Timing;RTOS","Optimise le temps de réponse firmware.","Real-Time Systems Certification"
"Firmware Engineer","Embedded C;Hardware Abstraction;Git;HAL;MCU","Développe des couches d’abstraction matérielle.","Embedded Systems Certification"
"Firmware Engineer","C;Firmware Documentation;Git;Specs;MCU","Documente le firmware embarqué.","Firmware Development Certification"
"Firmware Engineer","C++;Firmware Integration;Git;Hardware;MCU","Intègre le firmware au matériel.","Embedded Systems Certification"
"Firmware Engineer","Embedded C;Watchdog;Git;Reliability;MCU","Implémente des mécanismes de fiabilité.","Embedded Reliability Certification"
"Firmware Engineer","C;Firmware Build Systems;Git;Make;MCU","Gère les systèmes de build firmware.","Embedded Toolchain Certification"
"Firmware Engineer","C++;Firmware Code Review;Git;Quality;MCU","Assure la qualité du code firmware.","Embedded Quality Certification"
"Firmware Engineer","Embedded C;Multithreading;Git;RTOS;MCU","Développe des firmwares multitâches.","FreeRTOS Certification"
"Firmware Engineer","C;Firmware Maintenance;Git;Updates;MCU","Maintient et met à jour le firmware.","Firmware Maintenance Certification"
"Firmware Engineer","C++;Firmware Timing;Git;Timers;RTOS","Gère les contraintes temporelles firmware.","Real-Time Systems Certification"
"Firmware Engineer","Embedded C;Low-Level Drivers;Git;MCU;DMA","Développe des drivers bas niveau.","Embedded Systems Certification"
"Firmware Engineer","C;Firmware Optimization;Git;Memory;MCU","Réduit l’empreinte mémoire du firmware.","Embedded Performance Certification"
"Firmware Engineer","C++;Firmware Testing Automation;Git;CI;MCU","Automatise les tests firmware.","Embedded Testing Certification"
"Firmware Engineer","Embedded C;Safety Firmware;Git;MISRA;MCU","Développe des firmwares critiques.","MISRA C Certification"
"Firmware Engineer","C;Firmware Boot Sequence;Git;MCU;Startup","Gère la séquence de démarrage firmware.","Embedded Boot Certification"
"Firmware Engineer","C++;Firmware Communication;Git;CAN;MCU","Implémente des communications industrielles.","Embedded Networking Certification"
"Firmware Engineer","Embedded C;Firmware Logging;Git;Debug;MCU","Implémente le logging firmware.","Embedded Diagnostics Certification"
"Firmware Engineer","C;Firmware Refactoring;Git;Clean Code;MCU","Améliore la maintenabilité du firmware.","Embedded Software Architecture Certification"
"Firmware Engineer","C++;Firmware Power States;Git;Low Power;MCU","Gère les états basse consommation.","Low Power Embedded Certification"
"Firmware Engineer","Embedded C;Firmware Validation;Git;QA;MCU","Valide le firmware avant production.","Embedded Quality Certification"
"Firmware Engineer","C;Firmware Toolchains;Git;Cross-Compile;MCU","Utilise des toolchains firmware.","Embedded Toolchain Certification"
"Firmware Engineer","C++;Firmware Integration Testing;Git;HIL;MCU","Teste le firmware sur matériel réel.","Embedded Testing Certification"
"Firmware Engineer","Embedded C;Firmware Versioning;Git;Release;MCU","Gère les versions firmware.","Firmware Development Certification"
"Blockchain Developer","Solidity; Ethereum; Smart Contracts; Web3.js; Git","Conçoit et déploie des smart contracts sécurisés pour des applications décentralisées en respectant les standards de l’écosystème blockchain.","Certified Blockchain Developer; Ethereum Developer Certification"
"Blockchain Developer","Solidity; Hyperledger Fabric; Go; Cryptography; Docker","Développe des solutions blockchain privées pour des environnements d’entreprise avec un fort accent sur la sécurité.","Hyperledger Fabric Developer Certification"
"Blockchain Developer","Rust; Substrate; Polkadot; Smart Contracts; Git","Implémente des blockchains personnalisées et des parachains en utilisant le framework Substrate.","Polkadot Blockchain Academy Certificate"
"Blockchain Developer","Solidity; Truffle; Ganache; Web3; Testing","Teste et optimise des contrats intelligents afin d’assurer leur fiabilité et leur performance.","Ethereum Smart Contract Security Certification"
"Blockchain Developer","Python; Web3.py; Blockchain APIs; Data Analysis","Intègre des applications blockchain avec des systèmes existants via des API sécurisées.","Blockchain Council Python Certification"
"Blockchain Developer","Solidity; DeFi Protocols; Yield Farming; Auditing","Développe et audite des protocoles DeFi pour assurer la conformité et la sécurité des fonds.","DeFi Security Certification"
"Blockchain Developer","JavaScript; Ethers.js; DApps; IPFS","Crée des applications décentralisées complètes avec stockage distribué.","DApp Developer Certification"
"Blockchain Developer","C++; Consensus Algorithms; Blockchain Core","Travaille sur le cœur des protocoles blockchain et les mécanismes de consensus.","Certified Blockchain Architect"
"Blockchain Developer","Solidity; NFT Standards; ERC-721; ERC-1155","Conçoit des plateformes NFT en respectant les standards Ethereum.","NFT Developer Certification"
"Blockchain Developer","Security Audits; Smart Contract Review; MythX","Analyse et corrige les vulnérabilités dans les smart contracts.","Blockchain Security Professional Certificate"
"Blockchain Developer","Solidity; Layer 2; Optimistic Rollups","Implémente des solutions de scalabilité blockchain de couche 2.","Ethereum Scaling Certification"
"Blockchain Developer","Go; Cosmos SDK; Tendermint","Développe des blockchains interopérables basées sur l’écosystème Cosmos.","Cosmos Developer Certification"
"Blockchain Developer","Rust; Solana; Smart Contracts","Crée des programmes performants sur la blockchain Solana.","Solana Developer Certification"
"Blockchain Developer","Blockchain APIs; Integration; Microservices","Intègre des services blockchain dans des architectures distribuées.","Blockchain Integration Specialist"
"Blockchain Developer","Cryptography; Key Management; Security","Met en place des systèmes de gestion de clés sécurisés.","Applied Cryptography Certification"
"Blockchain Developer","Solidity; DAO Governance; Voting Systems","Développe des systèmes de gouvernance décentralisée.","DAO Governance Certification"
"Blockchain Developer","Web3; Frontend Integration; React","Assure l’intégration fluide entre interfaces web et blockchain.","Web3 Frontend Certification"
"Blockchain Developer","Blockchain Testing; Hardhat; Mocha","Met en œuvre des stratégies de tests automatisés pour smart contracts.","Smart Contract Testing Certification"
"Blockchain Developer","Cross-chain; Bridges; Interoperability","Conçoit des solutions de communication entre blockchains.","Blockchain Interoperability Certificate"
"Blockchain Developer","Smart Contract Optimization; Gas Efficiency","Optimise les coûts de transaction des contrats intelligents.","Ethereum Gas Optimization Certificate"
"Blockchain Developer","Blockchain Monitoring; Analytics; Tools","Surveille et analyse les performances des réseaux blockchain.","Blockchain Analytics Certification"
"Blockchain Developer","Consensus Design; Proof of Stake","Participe à la conception de mécanismes de consensus modernes.","Blockchain Protocol Design Certificate"
"Blockchain Developer","Smart Contract Deployment; CI/CD","Automatise le déploiement de contrats via des pipelines CI/CD.","DevOps for Blockchain Certification"
"Blockchain Developer","Blockchain Governance; Compliance","Assure la conformité réglementaire des solutions blockchain.","Blockchain Compliance Certificate"
"Blockchain Developer","Solidity; Upgradeable Contracts; Proxy","Implémente des contrats évolutifs et maintenables.","Advanced Solidity Certification"
"Blockchain Developer","Blockchain UX; Wallet Integration","Améliore l’expérience utilisateur des applications décentralisées.","Blockchain UX Design Certificate"
"Blockchain Developer","Oracle Integration; Chainlink","Intègre des oracles pour fournir des données externes fiables.","Chainlink Developer Certification"
"Blockchain Developer","Blockchain Performance; Load Testing","Teste la résistance et la montée en charge des réseaux.","Blockchain Performance Testing Certificate"
"Blockchain Developer","Tokenomics; Economic Models","Conçoit des modèles économiques viables pour tokens.","Tokenomics Certification"
"Blockchain Developer","Distributed Systems; Blockchain Networks","Applique les principes des systèmes distribués aux blockchains.","Distributed Ledger Technology Certificate"
"Blockchain Developer","Blockchain Migration; Legacy Systems","Accompagne la migration de systèmes traditionnels vers la blockchain.","Blockchain Migration Specialist"
"Blockchain Developer","Smart Contract Documentation; Standards","Rédige une documentation claire et conforme aux standards.","Blockchain Documentation Certificate"
"Blockchain Developer","Security Best Practices; Audits","Met en œuvre les meilleures pratiques de sécurité blockchain.","Certified Blockchain Security Expert"
"Blockchain Developer","Blockchain Research; Innovation","Analyse les tendances et innovations du secteur blockchain.","Blockchain Research Certification"
"Blockchain Developer","Privacy Protocols; Zero Knowledge Proofs","Développe des solutions respectant la confidentialité des données.","Zero Knowledge Proof Certification"
"Blockchain Developer","Blockchain Maintenance; Upgrades","Assure la maintenance et les mises à jour des réseaux.","Blockchain Operations Certificate"
"Blockchain Developer","Interoperable DApps; APIs","Crée des applications décentralisées interopérables.","Advanced DApp Certification"
"Blockchain Developer","Blockchain Testing Tools; Automation","Automatise les tests de solutions blockchain complexes.","Blockchain QA Certification"
"Blockchain Developer","Smart Contract Refactoring; Optimization","Refactorise des contrats pour améliorer la maintenabilité.","Advanced Smart Contract Engineering"
"Blockchain Developer","Blockchain Education; Training","Participe à la formation et au transfert de compétences.","Blockchain Instructor Certificate"
"Blockchain Developer","Blockchain Roadmap; Strategy","Contribue à la définition de la stratégie blockchain d’entreprise.","Blockchain Strategy Certification"
"Blockchain Developer","Innovation Labs; Prototyping","Prototype rapidement des solutions blockchain innovantes.","Blockchain Innovation Certificate"
"Blockchain Developer","Cross-platform Blockchain Apps","Développe des applications blockchain multiplateformes.","Cross-Platform Blockchain Developer"
"Data Scientist","Python; Pandas; NumPy; Machine Learning; SQL","Analyse des données complexes pour produire des modèles prédictifs fiables.","IBM Data Science Professional Certificate"
"Data Scientist","R; Statistical Analysis; Data Visualization","Réalise des analyses statistiques avancées et des visualisations claires.","Google Data Analytics Certificate"
"Data Scientist","Python; Scikit-learn; Model Evaluation","Construit et évalue des modèles de machine learning.","Machine Learning Certification"
"Data Scientist","Deep Learning; TensorFlow; Neural Networks","Développe des modèles de deep learning pour des cas complexes.","TensorFlow Developer Certificate"
"Data Scientist","Data Cleaning; Feature Engineering","Prépare et transforme les données pour l’analyse.","Data Preparation Certification"
"Data Scientist","Python; NLP; Text Mining","Analyse des données textuelles pour extraire des insights.","NLP Specialist Certification"
"Data Scientist","Time Series; Forecasting","Réalise des prévisions basées sur des séries temporelles.","Time Series Analysis Certificate"
"Data Scientist","Big Data; Spark; Data Analysis","Analyse des volumes massifs de données.","Big Data Analytics Certification"
"Data Scientist","Statistics; Hypothesis Testing","Valide des hypothèses par des méthodes statistiques.","Applied Statistics Certification"
"Data Scientist","Python; Data Visualization; Matplotlib","Présente des résultats analytiques compréhensibles.","Data Visualization Certificate"
"Data Scientist","Machine Learning; Model Deployment","Déploie des modèles en production.","MLOps Certification"
"Data Scientist","Data Ethics; Responsible AI","Applique des pratiques d’IA responsable.","AI Ethics Certification"
"Data Scientist","Clustering; Classification; Regression","Implémente des algorithmes d’apprentissage supervisé et non supervisé.","Data Mining Certification"
"Data Scientist","Python; API Integration; Data Pipelines","Intègre des sources de données multiples.","Data Integration Certificate"
"Data Scientist","Bayesian Methods; Probabilistic Models","Utilise des approches bayésiennes pour la modélisation.","Bayesian Statistics Certificate"
"Data Scientist","Optimization; Algorithms","Optimise les performances des modèles.","Optimization Techniques Certification"
"Data Scientist","Exploratory Data Analysis; EDA","Explore les données pour identifier des tendances.","EDA Certification"
"Data Scientist","AutoML; Model Tuning","Automatise la sélection et l’optimisation des modèles.","AutoML Certification"
"Data Scientist","Data Storytelling; Communication","Communique efficacement les résultats analytiques.","Data Storytelling Certificate"
"Data Scientist","Python; Cloud ML Services","Exploite des services ML dans le cloud.","Cloud ML Certification"
"Data Scientist","Image Processing; Computer Vision","Analyse des images via des techniques avancées.","Computer Vision Certification"
"Data Scientist","Reinforcement Learning; AI","Développe des modèles d’apprentissage par renforcement.","Reinforcement Learning Certificate"
"Data Scientist","Data Warehousing; Analytics","Travaille avec des entrepôts de données.","Data Warehouse Analytics Certification"
"Data Scientist","SQL; Advanced Queries; Optimization","Optimise les requêtes analytiques.","Advanced SQL Certification"
"Data Scientist","Feature Selection; Dimensionality Reduction","Réduit la complexité des données.","Feature Engineering Certificate"
"Data Scientist","Python; Experiment Design","Conçoit des expériences analytiques robustes.","Experimental Design Certification"
"Data Scientist","Anomaly Detection; Monitoring","Identifie des comportements anormaux.","Anomaly Detection Certificate"
"Data Scientist","Data Governance; Quality","Assure la qualité et la gouvernance des données.","Data Governance Certification"
"Data Scientist","Simulation; Monte Carlo Methods","Réalise des simulations probabilistes.","Monte Carlo Simulation Certificate"
"Data Scientist","Business Analytics; KPIs","Soutient la prise de décision métier.","Business Analytics Certification"
"Data Scientist","Graph Analytics; Network Analysis","Analyse des réseaux complexes.","Graph Analytics Certificate"
"Data Scientist","Python; Data Security; Privacy","Protège les données sensibles.","Data Security Certification"
"Data Scientist","Model Interpretability; Explainable AI","Explique les décisions des modèles.","Explainable AI Certificate"
"Data Scientist","Streaming Data; Real-time Analytics","Analyse des flux de données en temps réel.","Real-time Analytics Certification"
"Data Scientist","Data Science Research; Innovation","Contribue à des projets de recherche en data science.","Advanced Data Science Certificate"
"Data Scientist","Statistical Modeling; GLM","Utilise des modèles statistiques généralisés.","Statistical Modeling Certification"
"Data Scientist","Python; Visualization Dashboards","Crée des tableaux de bord analytiques.","Dashboard Design Certificate"
"Data Scientist","Customer Analytics; Segmentation","Analyse le comportement client.","Customer Analytics Certification"
"Data Scientist","Forecast Accuracy; Model Validation","Améliore la précision des prévisions.","Forecasting Validation Certificate"
"Data Scientist","Scientific Computing; Optimization","Applique le calcul scientifique à l’analyse.","Scientific Computing Certification"
"Data Scientist","Data Science Leadership; Strategy","Participe à la stratégie data.","Data Science Leadership Certificate"
"Data Scientist","Advanced Machine Learning; Ensembles","Implémente des modèles avancés.","Advanced ML Certification"
"Data Scientist","Ethical AI; Bias Detection","Identifie et réduit les biais algorithmiques.","Ethical AI Certificate"
"Data Engineer","Python; SQL; ETL; Data Pipelines","Conçoit et maintient des pipelines de données fiables.","Google Data Engineering Certificate"
"Data Engineer","Apache Airflow; Workflow Automation","Automatise les flux de données complexes.","Airflow Certification"
"Data Engineer","BigQuery; Data Warehousing","Gère des entrepôts de données cloud.","Cloud Data Warehouse Certificate"
"Data Engineer","Spark; Batch Processing","Traite de grands volumes de données.","Apache Spark Certification"
"Data Engineer","Kafka; Streaming Data","Implémente des pipelines temps réel.","Kafka Developer Certification"
"Data Engineer","Python; Data Modeling","Conçoit des modèles de données efficaces.","Data Modeling Certificate"
"Data Engineer","ETL Optimization; Performance","Optimise les performances des traitements.","ETL Optimization Certification"
"Data Engineer","Cloud Storage; Data Lakes","Met en place des data lakes.","Data Lake Certification"
"Data Engineer","SQL; Advanced Indexing","Optimise les bases de données analytiques.","Advanced SQL Performance Certificate"
"Data Engineer","Docker; Kubernetes; Data Services","Déploie des services data conteneurisés.","Cloud Native Data Engineering"
"Data Engineer","Data Quality; Validation","Assure la fiabilité des données.","Data Quality Management Certificate"
"Data Engineer","Python; API Data Ingestion","Intègre des sources externes.","API Data Integration Certificate"
"Data Engineer","NoSQL; Cassandra; MongoDB","Gère des bases de données NoSQL.","NoSQL Database Certification"
"Data Engineer","Security; Data Encryption","Sécurise les flux de données.","Data Security Engineering Certificate"
"Data Engineer","Monitoring; Logging; Observability","Surveille les pipelines de données.","Data Observability Certificate"
"Data Engineer","CI/CD; Data Pipelines","Automatise le déploiement data.","Data DevOps Certification"
"Data Engineer","Cloud Platforms; AWS; GCP","Travaille sur des environnements cloud.","Cloud Data Engineer Certification"
"Data Engineer","Metadata Management; Catalogs","Gère les métadonnées.","Data Catalog Certification"
"Data Engineer","Data Governance; Compliance","Met en œuvre des règles de gouvernance.","Data Governance Engineering Certificate"
"Data Engineer","Batch Scheduling; Optimization","Planifie et optimise les traitements.","Batch Processing Certificate"
"Data Engineer","Python; Testing Data Pipelines","Teste les flux de données.","Data Pipeline Testing Certification"
"Data Engineer","Distributed Systems; Scalability","Conçoit des systèmes data scalables.","Distributed Data Systems Certificate"
"Data Engineer","SQL; Query Optimization","Améliore la performance des requêtes.","Query Optimization Certification"
"Data Engineer","Data Migration; Legacy Systems","Migre des données historiques.","Data Migration Certificate"
"Data Engineer","Real-time Analytics; Streaming","Supporte l’analytique temps réel.","Streaming Analytics Certification"
"Data Engineer","Data Integration; Middleware","Intègre des systèmes hétérogènes.","Enterprise Data Integration Certificate"
"Data Engineer","Backup; Recovery; Reliability","Assure la continuité des données.","Data Reliability Engineering"
"Data Engineer","Python; Automation Scripts","Automatise les tâches data.","Python Automation Certificate"
"Data Engineer","Cloud Cost Optimization","Optimise les coûts des pipelines.","Cloud Cost Management Certificate"
"Data Engineer","Data Visualization Support","Prépare les données pour l’analyse.","Data Preparation for Analytics"
"Data Engineer","Schema Design; Normalization","Conçoit des schémas robustes.","Database Design Certification"
"Data Engineer","Monitoring Tools; Alerts","Met en place des alertes.","Monitoring & Alerting Certificate"
"Data Engineer","High Availability; Fault Tolerance","Assure la haute disponibilité.","HA Data Systems Certification"
"Data Engineer","Data Engineering Best Practices","Applique des standards data.","Professional Data Engineer Certificate"
"Data Engineer","Open Source Data Tools","Utilise des outils open source.","Open Source Data Engineering"
"Data Engineer","Performance Tuning; Benchmarks","Mesure et améliore les performances.","Data Performance Certification"
"Data Engineer","Automation; Infrastructure as Code","Gère l’infrastructure data.","IaC for Data Engineering"
"Data Engineer","Data Engineering Documentation","Rédige une documentation claire.","Data Documentation Certificate"
"Data Engineer","Cross-team Collaboration","Collabore avec data scientists et analystes.","Collaborative Data Engineering"
"Data Engineer","Advanced ETL Design","Conçoit des ETL complexes.","Advanced ETL Certification"
"Data Engineer","Scalable Architectures","Participe à la conception d’architectures data.","Scalable Data Architecture Certificate"
"Big Data Engineer","Hadoop; HDFS; MapReduce","Gère des clusters Hadoop pour le traitement massif.","Hadoop Developer Certification"
"Big Data Engineer","Spark; Scala; Big Data Processing","Développe des traitements distribués performants.","Apache Spark Scala Certification"
"Big Data Engineer","Kafka; Streaming Platforms","Implémente des pipelines big data temps réel.","Kafka Big Data Certification"
"Big Data Engineer","Hive; SQL on Big Data","Analyse des données massives via SQL.","Hive Data Analysis Certificate"
"Big Data Engineer","Big Data Architecture; Design","Conçoit des architectures big data.","Big Data Architect Certification"
"Big Data Engineer","Cluster Management; YARN","Administre des ressources de cluster.","Hadoop Administration Certificate"
"Big Data Engineer","Data Ingestion; Flume; Sqoop","Ingestre des données à grande échelle.","Big Data Ingestion Certification"
"Big Data Engineer","NoSQL; HBase","Gère des bases distribuées.","HBase Certification"
"Big Data Engineer","Cloud Big Data; EMR; Dataproc","Déploie des solutions big data cloud.","Cloud Big Data Engineer Certificate"
"Big Data Engineer","Performance Optimization; Tuning","Optimise les jobs big data.","Big Data Performance Certificate"
"Big Data Engineer","Security; Kerberos; Access Control","Sécurise les environnements big data.","Big Data Security Certification"
"Big Data Engineer","Monitoring; Big Data Metrics","Surveille les clusters et jobs.","Big Data Monitoring Certificate"
"Big Data Engineer","Data Lake; Large-scale Storage","Met en place des data lakes.","Data Lake Engineering Certification"
"Big Data Engineer","Batch Processing; Large Datasets","Traite des volumes massifs en batch.","Batch Big Data Processing"
"Big Data Engineer","Streaming Analytics; Spark Streaming","Analyse des flux en continu.","Streaming Analytics Certificate"
"Big Data Engineer","ETL Big Data; Optimization","Optimise les pipelines ETL massifs.","Big Data ETL Certification"
"Big Data Engineer","Distributed File Systems","Travaille avec des systèmes distribués.","Distributed Storage Certificate"
"Big Data Engineer","Data Compression; Formats","Optimise le stockage des données.","Big Data Storage Optimization"
"Big Data Engineer","Big Data Testing; Validation","Teste les pipelines big data.","Big Data QA Certification"
"Big Data Engineer","Cluster Scaling; Automation","Automatise la montée en charge.","Big Data Automation Certificate"
"Big Data Engineer","Data Governance; Big Data","Applique des règles de gouvernance.","Big Data Governance Certificate"
"Big Data Engineer","Advanced Spark; MLlib","Implémente des algorithmes ML distribués.","Spark MLlib Certification"
"Big Data Engineer","Workflow Orchestration; Oozie","Orchestre des workflows big data.","Oozie Workflow Certificate"
"Big Data Engineer","High Throughput Systems","Conçoit des systèmes à haut débit.","High Throughput Data Systems"
"Big Data Engineer","Big Data Migration; Legacy","Migre vers des plateformes big data.","Big Data Migration Certificate"
"Big Data Engineer","Data Quality at Scale","Assure la qualité à grande échelle.","Big Data Quality Certification"
"Big Data Engineer","Cloud Cost Control; Big Data","Optimise les coûts big data.","Big Data Cost Management"
"Big Data Engineer","Real-time Dashboards","Supporte l’analytique temps réel.","Real-time Big Data Analytics"
"Big Data Engineer","Fault Tolerance; Resilience","Assure la résilience des clusters.","Resilient Big Data Systems"
"Big Data Engineer","Open Source Big Data Tools","Utilise l’écosystème open source.","Open Source Big Data Certificate"
"Big Data Engineer","Data Engineering Collaboration","Collabore avec équipes data.","Big Data Team Collaboration"
"Big Data Engineer","Advanced Hadoop Ecosystem","Maîtrise l’écosystème Hadoop.","Advanced Hadoop Certification"
"Big Data Engineer","Performance Benchmarks; Tuning","Analyse les performances globales.","Big Data Benchmarking"
"Big Data Engineer","Automation Scripts; Big Data","Automatise l’exploitation.","Big Data Automation Professional"
"Big Data Engineer","Scalable Data Architectures","Conçoit des architectures scalables.","Scalable Big Data Architecture"
"Big Data Engineer","Big Data Documentation","Documente les solutions big data.","Big Data Documentation Certificate"
"Big Data Engineer","Innovation; Big Data Solutions","Propose des solutions innovantes.","Big Data Innovation Certificate"
"Big Data Engineer","Advanced Streaming Platforms","Travaille sur des plateformes streaming avancées.","Advanced Streaming Certification"
"Big Data Engineer","End-to-end Big Data Pipelines","Gère des pipelines de bout en bout.","End-to-End Big Data Engineering"
"Big Data Engineer","Big Data Strategy; Roadmap","Contribue à la stratégie big data.","Big Data Strategy Certificate"
"Big Data Engineer","Research; Big Data Trends","Analyse les tendances big data.","Big Data Research Certification"
"Job Title","Skills","Job Description","Certifications"
"Machine Learning Engineer","Python; Scikit-learn; TensorFlow; SQL; Git","Conçoit et déploie des modèles de machine learning robustes pour des applications en production.","Google Professional Machine Learning Engineer; TensorFlow Developer Certificate"
"Machine Learning Engineer","Python; PyTorch; Model Deployment; Docker","Implémente des pipelines ML de bout en bout et assure leur mise en production.","AWS Certified Machine Learning – Specialty"
"Machine Learning Engineer","Feature Engineering; Pandas; NumPy; ML Pipelines","Prépare et transforme les données afin d’optimiser les performances des modèles.","IBM Machine Learning Professional Certificate"
"Machine Learning Engineer","MLOps; CI/CD; Kubernetes","Automatise l’entraînement, le test et le déploiement des modèles ML.","MLOps Certification"
"Machine Learning Engineer","Regression; Classification; Evaluation Metrics","Développe et évalue des modèles prédictifs adaptés aux besoins métier.","Machine Learning Certification"
"Machine Learning Engineer","Big Data; Spark; MLlib","Travaille avec des données massives pour entraîner des modèles distribués.","Databricks Machine Learning Certificate"
"Machine Learning Engineer","Model Optimization; Hyperparameter Tuning","Optimise les modèles pour améliorer précision et performance.","Advanced Machine Learning Certificate"
"Machine Learning Engineer","Data Pipelines; Airflow; Automation","Maintient des pipelines de données fiables pour l’entraînement ML.","Data Engineering for ML Certification"
"Machine Learning Engineer","Cloud ML Services; AWS SageMaker","Utilise des services cloud pour entraîner et déployer des modèles ML.","AWS ML Specialty"
"Machine Learning Engineer","Monitoring; Model Drift; Retraining","Surveille les modèles en production et gère le drift des données.","ML Monitoring Certification"
"Machine Learning Engineer","Explainable AI; Model Interpretability","Explique les décisions des modèles pour assurer la transparence.","Explainable AI Certificate"
"Machine Learning Engineer","Time Series; Forecasting","Construit des modèles de prévision basés sur des séries temporelles.","Time Series Analysis Certificate"
"Machine Learning Engineer","Recommender Systems; Collaborative Filtering","Développe des moteurs de recommandation personnalisés.","Recommender Systems Certification"
"Machine Learning Engineer","Anomaly Detection; ML Algorithms","Identifie des comportements anormaux dans les données.","Anomaly Detection Certificate"
"Machine Learning Engineer","Optimization Algorithms; Gradient Descent","Améliore l’efficacité des algorithmes d’apprentissage.","Optimization for ML Certificate"
"Machine Learning Engineer","API Integration; ML Services","Expose les modèles ML via des API sécurisées.","ML API Deployment Certificate"
"Machine Learning Engineer","Data Validation; Quality Checks","Assure la qualité des données utilisées pour l’apprentissage.","Data Quality Certification"
"Machine Learning Engineer","Python; Statistical Learning","Applique des méthodes statistiques avancées en ML.","Statistical Learning Certificate"
"Machine Learning Engineer","AutoML; Model Selection","Automatise la sélection et l’entraînement des modèles.","AutoML Certification"
"Machine Learning Engineer","Business Analytics; KPIs","Aligne les modèles ML avec les objectifs métier.","Business Analytics for ML"
"Machine Learning Engineer","Edge ML; Model Compression","Déploie des modèles ML sur des environnements contraints.","Edge AI Certification"
"Machine Learning Engineer","Security; Adversarial ML","Protège les modèles contre les attaques adversariales.","ML Security Certificate"
"Machine Learning Engineer","Data Versioning; DVC","Gère les versions de données et de modèles.","Data Versioning Certification"
"Machine Learning Engineer","Python; Experiment Tracking","Suit et compare les expériences ML.","ML Experimentation Certificate"
"Machine Learning Engineer","Ensemble Methods; Boosting","Implémente des modèles ensemblistes performants.","Advanced ML Techniques"
"Machine Learning Engineer","Feature Stores; ML Infrastructure","Conçoit des infrastructures ML évolutives.","ML Infrastructure Certificate"
"Machine Learning Engineer","Continuous Learning; Automation","Met en place des systèmes d’apprentissage continu.","Continuous ML Certification"
"Machine Learning Engineer","Visualization; Model Insights","Analyse et visualise les performances des modèles.","ML Visualization Certificate"
"Machine Learning Engineer","Distributed Training; Horovod","Entraîne des modèles à grande échelle.","Distributed ML Training"
"Machine Learning Engineer","Python; NLP Basics; Text Data","Travaille sur des modèles ML appliqués au texte.","NLP Foundations Certificate"
"Machine Learning Engineer","Model Governance; Compliance","Assure la conformité et la gouvernance des modèles.","AI Governance Certification"
"Machine Learning Engineer","ML Research; Prototyping","Prototype de nouvelles approches ML.","Applied ML Research Certificate"
"Machine Learning Engineer","Data Ethics; Responsible AI","Applique des principes d’IA responsable.","Responsible AI Certification"
"Machine Learning Engineer","Performance Tuning; Benchmarks","Mesure et améliore les performances ML.","ML Performance Certification"
"Machine Learning Engineer","Cloud Cost Optimization","Optimise les coûts d’entraînement ML.","Cloud Cost Management"
"Machine Learning Engineer","Documentation; ML Best Practices","Documente les modèles et pipelines ML.","Professional ML Engineer"
"Machine Learning Engineer","Cross-team Collaboration","Collabore avec data scientists et développeurs.","Collaborative ML Engineering"
"Machine Learning Engineer","Advanced Python; Optimization","Écrit du code ML optimisé et maintenable.","Advanced Python for ML"
"Machine Learning Engineer","Research Papers; ML Trends","Analyse les tendances récentes du ML.","ML Trends Certificate"
"Machine Learning Engineer","Scalable Architectures; ML Systems","Conçoit des systèmes ML scalables.","Scalable ML Architecture"
"Machine Learning Engineer","End-to-end ML Solutions","Gère des projets ML de bout en bout.","End-to-End ML Engineering"
"Machine Learning Engineer","ML Strategy; Roadmap","Contribue à la stratégie ML de l’entreprise.","ML Strategy Certificate"
"Machine Learning Engineer","Innovation; ML Prototypes","Développe des prototypes ML innovants.","ML Innovation Certificate"
"Machine Learning Engineer","Advanced Algorithms; Research","Met en œuvre des algorithmes ML avancés.","Advanced Machine Learning Professional"
"AI Researcher","Python; Research Methods; Machine Learning","Mène des recherches avancées en intelligence artificielle.","Artificial Intelligence Research Certificate"
"AI Researcher","Deep Learning; Neural Networks","Explore de nouvelles architectures de réseaux neuronaux.","Deep Learning Specialization"
"AI Researcher","Mathematics; Linear Algebra; Probability","Applique des fondements mathématiques à l’IA.","Mathematics for AI Certificate"
"AI Researcher","Reinforcement Learning; Algorithms","Développe des agents intelligents par apprentissage par renforcement.","Reinforcement Learning Certificate"
"AI Researcher","Research Papers; Literature Review","Analyse et synthétise la littérature scientifique.","AI Research Methodology Certificate"
"AI Researcher","Python; Experiment Design","Conçoit des expériences reproductibles en IA.","Experimental Design for AI"
"AI Researcher","Optimization; Loss Functions","Étudie l’optimisation des modèles d’IA.","Optimization in AI Certificate"
"AI Researcher","Ethical AI; Bias Analysis","Analyse les biais et impacts éthiques de l’IA.","Ethical AI Certification"
"AI Researcher","Generative Models; GANs","Travaille sur des modèles génératifs avancés.","Generative AI Certificate"
"AI Researcher","Computer Vision; Research","Contribue à la recherche en vision par ordinateur.","Computer Vision Research Certificate"
"AI Researcher","NLP Research; Language Models","Étudie les modèles de langage avancés.","NLP Research Certification"
"AI Researcher","Statistical Learning; Theory","Développe des approches théoriques du ML.","Statistical Learning Theory"
"AI Researcher","AI Benchmarking; Evaluation","Évalue les performances des modèles de recherche.","AI Evaluation Certificate"
"AI Researcher","Distributed Training; Research","Travaille sur l’entraînement distribué pour la recherche.","Distributed AI Research"
"AI Researcher","Robotics; AI Control","Applique l’IA au contrôle robotique.","AI Robotics Certificate"
"AI Researcher","Causal Inference; AI","Étudie les relations causales dans les modèles IA.","Causal AI Certificate"
"AI Researcher","Simulation; Synthetic Data","Utilise des données synthétiques pour la recherche.","Synthetic Data Certification"
"AI Researcher","AI Safety; Robustness","Étudie la sécurité et la robustesse de l’IA.","AI Safety Certificate"
"AI Researcher","Meta-learning; Few-shot Learning","Recherche sur l’apprentissage rapide.","Meta-learning Certification"
"AI Researcher","Academic Writing; Publications","Rédige et publie des articles scientifiques.","Scientific Writing Certificate"
"AI Researcher","Collaborative Research; Teams","Travaille dans des équipes de recherche internationales.","Collaborative AI Research"
"AI Researcher","Innovation; Prototyping","Prototype de nouvelles idées en IA.","AI Innovation Certificate"
"AI Researcher","Long-term AI Strategy","Contribue à la vision stratégique de l’IA.","AI Strategy Certification"
"AI Researcher","Advanced Algorithms; Theory","Développe des algorithmes IA avancés.","Advanced AI Algorithms"
"AI Researcher","AI Education; Mentoring","Encadre des étudiants et chercheurs juniors.","AI Mentorship Certificate"
"AI Researcher","Open Source AI Projects","Contribue à des projets IA open source.","Open Source AI Contributor"
"AI Researcher","Explainable AI Research","Travaille sur l’explicabilité des modèles.","XAI Research Certificate"
"AI Researcher","Multimodal AI; Research","Étudie des modèles multimodaux.","Multimodal AI Certification"
"AI Researcher","AI Benchmarks; Datasets","Crée et maintient des benchmarks IA.","AI Benchmark Design"
"AI Researcher","Advanced Statistics; AI","Applique des méthodes statistiques avancées.","Advanced Statistics for AI"
"AI Researcher","AI Governance; Policy","Analyse les politiques et régulations IA.","AI Policy Certificate"
"AI Researcher","Human-AI Interaction","Étudie l’interaction homme-machine.","HCI for AI Certificate"
"AI Researcher","AI Experiment Tracking","Gère les expériences de recherche IA.","Research Experimentation Certificate"
"AI Researcher","High-performance Computing","Utilise le calcul intensif pour l’IA.","HPC for AI Certification"
"AI Researcher","AI Trends; Foresight","Analyse les tendances futures de l’IA.","AI Foresight Certificate"
"AI Researcher","Cross-disciplinary Research","Collabore avec d’autres disciplines scientifiques.","Interdisciplinary AI Research"
"AI Researcher","Advanced Deep Learning Theory","Étudie les fondements du deep learning.","Deep Learning Theory Certificate"
"AI Researcher","Research Ethics; Compliance","Respecte les normes éthiques de la recherche.","Research Ethics Certificate"
"AI Researcher","AI Innovation Labs","Travaille dans des laboratoires d’innovation IA.","AI Lab Research Certificate"
"AI Researcher","Grant Writing; Funding","Rédige des propositions de financement.","Research Funding Certificate"
"AI Researcher","AI Roadmaps; Vision","Participe à la définition de feuilles de route IA.","AI Vision & Roadmap"
"Deep Learning Engineer","Python; TensorFlow; Neural Networks","Développe des modèles de deep learning performants.","TensorFlow Developer Certificate"
"Deep Learning Engineer","PyTorch; CNN; Computer Vision","Implémente des modèles CNN pour la vision par ordinateur.","Deep Learning Specialization"
"Deep Learning Engineer","RNN; LSTM; Sequence Models","Travaille sur des modèles séquentiels avancés.","Sequence Models Certificate"
"Deep Learning Engineer","GPU Computing; CUDA","Optimise l’entraînement sur GPU.","CUDA Deep Learning Certificate"
"Deep Learning Engineer","Model Optimization; Quantization","Réduit la taille et la latence des modèles.","Model Optimization Certification"
"Deep Learning Engineer","Transfer Learning; Fine-tuning","Adapte des modèles pré-entraînés.","Transfer Learning Certificate"
"Deep Learning Engineer","Autoencoders; Representation Learning","Apprend des représentations latentes.","Representation Learning Certificate"
"Deep Learning Engineer","GANs; Generative Models","Développe des modèles génératifs.","Generative Deep Learning"
"Deep Learning Engineer","Transformers; Attention Models","Implémente des architectures transformer.","Transformer Models Certificate"
"Deep Learning Engineer","Distributed Training; Deep Learning","Entraîne des modèles à grande échelle.","Distributed Deep Learning Certification"
"Deep Learning Engineer","Model Serving; APIs","Déploie des modèles deep learning en production.","Model Serving Certificate"
"Deep Learning Engineer","Monitoring; Performance","Surveille les performances des modèles DL.","DL Monitoring Certification"
"Deep Learning Engineer","Image Processing; DL","Analyse et traite des images complexes.","Image Processing DL Certificate"
"Deep Learning Engineer","Speech Recognition; Audio Models","Développe des modèles de reconnaissance vocale.","Speech AI Certification"
"Deep Learning Engineer","NLP Deep Learning; Language Models","Travaille sur des modèles de langage profonds.","NLP Deep Learning Certificate"
"Deep Learning Engineer","Hyperparameter Tuning; DL","Optimise les hyperparamètres des réseaux.","DL Hyperparameter Optimization"
"Deep Learning Engineer","Edge AI; Embedded DL","Déploie des modèles DL sur appareils embarqués.","Edge AI Certificate"
"Deep Learning Engineer","Explainable DL; XAI","Rend les modèles DL interprétables.","Explainable Deep Learning"
"Deep Learning Engineer","Data Augmentation; DL","Améliore la robustesse des modèles.","Data Augmentation Certificate"
"Deep Learning Engineer","Advanced Optimizers; DL","Utilise des optimiseurs avancés.","Advanced DL Optimization"
"Deep Learning Engineer","Research Prototypes; DL","Prototype de nouvelles architectures DL.","DL Prototyping Certificate"
"Deep Learning Engineer","Cloud DL Services; AWS","Utilise des services cloud pour le DL.","Cloud Deep Learning Certificate"
"Deep Learning Engineer","Time Series DL; Forecasting","Applique le DL aux séries temporelles.","DL Time Series Certificate"
"Deep Learning Engineer","Multimodal DL; Fusion","Combine texte, image et audio.","Multimodal Deep Learning"
"Deep Learning Engineer","Security; Adversarial DL","Protège les modèles contre les attaques.","Adversarial DL Certificate"
"Deep Learning Engineer","Continuous Training; Automation","Automatise l’entraînement continu.","Continuous DL Training"
"Deep Learning Engineer","Visualization; DL Insights","Analyse les activations et poids.","DL Visualization Certificate"
"Deep Learning Engineer","Advanced CNN Architectures","Implémente des CNN avancés.","Advanced CNN Certificate"
"Deep Learning Engineer","Model Compression; Pruning","Compresse les réseaux neuronaux.","Model Compression Certificate"
"Deep Learning Engineer","DL Best Practices; Documentation","Documente et standardise les projets DL.","Professional DL Engineer"
"Deep Learning Engineer","Cross-team Collaboration; DL","Collabore avec data scientists et chercheurs.","Collaborative DL Engineering"
"Deep Learning Engineer","DL Strategy; Roadmap","Contribue à la stratégie deep learning.","DL Strategy Certificate"
"Deep Learning Engineer","Innovation; DL Solutions","Développe des solutions DL innovantes.","DL Innovation Certificate"
"Deep Learning Engineer","Advanced Research; DL","Applique des techniques DL de pointe.","Advanced Deep Learning Professional"
"Deep Learning Engineer","Performance Benchmarks; DL","Évalue les performances DL.","DL Benchmarking"
"Deep Learning Engineer","Scalable DL Architectures","Conçoit des architectures DL scalables.","Scalable DL Architecture"
"Deep Learning Engineer","End-to-end DL Systems","Gère des systèmes DL complets.","End-to-End DL Engineering"
"Deep Learning Engineer","DL Trends; Research","Suit les tendances du deep learning.","DL Trends Certificate"
"Deep Learning Engineer","Advanced Mathematics; DL","Applique des concepts mathématiques avancés.","Mathematics for Deep Learning"
"Deep Learning Engineer","Ethical DL; Responsible AI","Applique des principes éthiques au DL.","Responsible Deep Learning"
"Deep Learning Engineer","DL Teaching; Mentoring","Encadre des ingénieurs DL juniors.","DL Mentorship Certificate"
"Deep Learning Engineer","DL Infrastructure; Systems","Gère l’infrastructure deep learning.","DL Infrastructure Certification"
"Deep Learning Engineer","Advanced Transformers; Research","Travaille sur des transformers avancés.","Advanced Transformer Models"
"NLP Engineer","Python; NLP; Text Processing","Développe des solutions de traitement du langage naturel.","NLP Engineer Certification"
"NLP Engineer","Tokenization; Text Cleaning; Regex","Prépare et nettoie les données textuelles.","Text Processing Certificate"
"NLP Engineer","Word Embeddings; Word2Vec; GloVe","Implémente des représentations vectorielles de texte.","Word Embeddings Certification"
"NLP Engineer","Transformers; BERT; GPT","Travaille avec des modèles de langage modernes.","Transformer NLP Certificate"
"NLP Engineer","Named Entity Recognition; NLP","Développe des systèmes d’extraction d’entités.","NER Certification"
"NLP Engineer","Sentiment Analysis; Classification","Analyse les sentiments dans les textes.","Sentiment Analysis Certificate"
"NLP Engineer","Topic Modeling; LDA","Identifie les thèmes dominants des documents.","Topic Modeling Certification"
"NLP Engineer","Text Classification; ML","Construit des classificateurs de texte.","Text Classification Certificate"
"NLP Engineer","Speech-to-Text; NLP","Travaille sur la reconnaissance vocale.","Speech Recognition Certificate"
"NLP Engineer","Machine Translation; NLP","Développe des systèmes de traduction automatique.","Machine Translation Certification"
"NLP Engineer","Information Retrieval; Search","Améliore les moteurs de recherche textuels.","Information Retrieval Certificate"
"NLP Engineer","Chatbots; Conversational AI","Développe des assistants conversationnels.","Conversational AI Certification"
"NLP Engineer","Text Summarization; NLP","Crée des systèmes de résumé automatique.","Text Summarization Certificate"
"NLP Engineer","Question Answering; NLP","Implémente des systèmes de questions-réponses.","QA Systems Certification"
"NLP Engineer","Text Generation; Language Models","Génère du texte naturel de qualité.","Text Generation Certificate"
"NLP Engineer","NLP Pipelines; Automation","Automatise les flux de traitement NLP.","NLP Pipelines Certification"
"NLP Engineer","Evaluation Metrics; BLEU; ROUGE","Évalue les performances des modèles NLP.","NLP Evaluation Certificate"
"NLP Engineer","Multilingual NLP; Localization","Travaille sur des données multilingues.","Multilingual NLP Certification"
"NLP Engineer","Semantic Search; Embeddings","Développe des moteurs de recherche sémantique.","Semantic Search Certificate"
"NLP Engineer","Text Data Augmentation","Améliore la robustesse des modèles NLP.","NLP Data Augmentation"
"NLP Engineer","Explainable NLP; XAI","Rend les modèles NLP interprétables.","Explainable NLP Certificate"
"NLP Engineer","NLP Deployment; APIs","Déploie des modèles NLP en production.","NLP Deployment Certification"
"NLP Engineer","Monitoring; NLP Models","Surveille les performances NLP en production.","NLP Monitoring Certificate"
"NLP Engineer","Ethical NLP; Bias Detection","Identifie et réduit les biais linguistiques.","Ethical NLP Certification"
"NLP Engineer","Knowledge Graphs; NLP","Intègre le NLP aux graphes de connaissances.","Knowledge Graph NLP Certificate"
"NLP Engineer","Text Mining; Analytics","Extrait des insights à partir de textes.","Text Mining Certification"
"NLP Engineer","Domain-specific NLP; Custom Models","Adapte le NLP à des domaines métiers.","Domain NLP Certificate"
"NLP Engineer","Speech Analytics; NLP","Analyse des données vocales.","Speech Analytics Certification"
"NLP Engineer","Continuous Learning; NLP","Met à jour les modèles NLP continuellement.","Continuous NLP Training"
"NLP Engineer","Advanced Transformers; NLP","Travaille sur des transformers avancés.","Advanced NLP Transformers"
"NLP Engineer","NLP Research; Prototyping","Prototype de nouvelles approches NLP.","NLP Research Certificate"
"NLP Engineer","Cross-team Collaboration; NLP","Collabore avec équipes produit et data.","Collaborative NLP Engineering"
"NLP Engineer","NLP Strategy; Roadmap","Contribue à la stratégie NLP.","NLP Strategy Certificate"
"NLP Engineer","Innovation; NLP Solutions","Développe des solutions NLP innovantes.","NLP Innovation Certificate"
"NLP Engineer","Advanced Linguistics; NLP","Applique des concepts linguistiques avancés.","Computational Linguistics Certificate"
"NLP Engineer","Performance Optimization; NLP","Optimise la vitesse et la précision NLP.","NLP Performance Optimization"
"NLP Engineer","Scalable NLP Architectures","Conçoit des systèmes NLP scalables.","Scalable NLP Architecture"
"NLP Engineer","End-to-end NLP Systems","Gère des systèmes NLP complets.","End-to-End NLP Engineering"
"NLP Engineer","NLP Trends; Research","Suit les tendances du NLP.","NLP Trends Certificate"
"NLP Engineer","Responsible NLP; AI","Applique des principes d’IA responsable au NLP.","Responsible NLP Certification"
"NLP Engineer","NLP Documentation; Standards","Documente les projets NLP.","Professional NLP Engineer"
"NLP Engineer","Teaching; NLP Mentoring","Encadre des ingénieurs NLP juniors.","NLP Mentorship Certificate"
"NLP Engineer","Advanced Language Models; Research","Travaille sur des modèles de langage de pointe.","Advanced Language Models Certificate"
"MLOps Engineer","Python;TensorFlow;Kubernetes;Docker;CI/CD","Déploie et maintient des modèles ML en production avec des pipelines automatisés.","AWS Certified Machine Learning Specialty;TensorFlow Developer Certificate"
"MLOps Engineer","Python;PyTorch;Docker;Kubeflow;Git","Automatise le déploiement et la surveillance des modèles ML.","Certified Kubernetes Application Developer;PyTorch Developer Certificate"
"MLOps Engineer","Python;MLflow;Docker;AWS;CI/CD","Gère le cycle de vie complet des modèles ML, du training à la production.","AWS Certified Machine Learning Specialty"
"MLOps Engineer","Python;TensorFlow;Docker;Kubernetes;Airflow","Implémente des pipelines ML reproductibles et scalables.","Google Cloud Professional Machine Learning Engineer"
"MLOps Engineer","Python;PyTorch;MLflow;Docker;Kubernetes","Optimise les workflows ML pour le déploiement continu.","MLflow Certified Practitioner;AWS Certified ML Specialist"
"MLOps Engineer","Python;TensorFlow;Kubeflow;CI/CD;Git","Supervise le déploiement de modèles ML et l'automatisation des pipelines.","TensorFlow Developer Certificate"
"MLOps Engineer","Python;Docker;Kubernetes;CI/CD;AWS","Conçoit et déploie des architectures MLOps robustes.","AWS Certified Machine Learning Specialty"
"MLOps Engineer","Python;PyTorch;Docker;MLflow;Git","Gère les pipelines de training, validation et déploiement ML.","Certified Kubernetes Application Developer"
"MLOps Engineer","Python;TensorFlow;Airflow;Docker;Kubernetes","Automatise et surveille les workflows ML en production.","Google Cloud Professional Machine Learning Engineer"
"MLOps Engineer","Python;PyTorch;Kubeflow;Docker;CI/CD","Optimise les performances et la scalabilité des modèles ML.","MLflow Certified Practitioner"
"MLOps Engineer","Python;TensorFlow;Docker;AWS;CI/CD","Déploie des modèles ML avec intégration continue et monitoring.","AWS Certified Machine Learning Specialty"
"MLOps Engineer","Python;PyTorch;Docker;CI/CD;Kubeflow","Met en place des pipelines MLOps efficaces et fiables.","Certified Kubernetes Application Developer"
"MLOps Engineer","Python;TensorFlow;Docker;Airflow;Kubernetes","Supervise la mise en production des modèles ML.","Google Cloud Professional Machine Learning Engineer"
"MLOps Engineer","Python;PyTorch;MLflow;Docker;Git","Gère l'ensemble du cycle de vie des modèles ML.","MLflow Certified Practitioner"
"MLOps Engineer","Python;TensorFlow;Kubeflow;Docker;CI/CD","Déploie et optimise les modèles ML dans le cloud.","AWS Certified Machine Learning Specialty"
"MLOps Engineer","Python;PyTorch;Docker;Kubernetes;CI/CD","Automatise le déploiement et la surveillance des modèles ML.","Certified Kubernetes Application Developer"
"MLOps Engineer","Python;TensorFlow;Docker;Airflow;CI/CD","Implémente des pipelines MLOps reproductibles et scalables.","Google Cloud Professional Machine Learning Engineer"
"MLOps Engineer","Python;PyTorch;MLflow;Docker;Kubernetes","Supervise le déploiement continu des modèles ML.","MLflow Certified Practitioner"
"MLOps Engineer","Python;TensorFlow;Kubeflow;Docker;CI/CD","Conçoit des workflows ML robustes et automatisés.","AWS Certified Machine Learning Specialty"
"MLOps Engineer","Python;PyTorch;Docker;CI/CD;Git","Gère le cycle de vie complet des modèles ML.","Certified Kubernetes Application Developer"
"BI Analyst","SQL;Power BI;Excel;Data Visualization;DAX","Analyse les données et crée des tableaux de bord interactifs pour la prise de décision.","Microsoft Certified: Data Analyst Associate"
"BI Analyst","SQL;Tableau;Excel;Data Modeling;Power Query","Crée des visualisations et rapports analytiques à partir de données complexes.","Tableau Desktop Specialist"
"BI Analyst","SQL;Power BI;DAX;Excel;ETL","Conçoit des dashboards Power BI et automatise des flux de données.","Microsoft Certified: Data Analyst Associate"
"BI Analyst","SQL;Looker;Excel;Data Visualization;ETL","Analyse les KPI et construit des rapports interactifs.","Looker LookML Developer Certification"
"BI Analyst","SQL;Power BI;Excel;Data Modeling;Visualization","Optimise les tableaux de bord et modèles de données BI.","Microsoft Certified: Data Analyst Associate"
"BI Analyst","SQL;Tableau;Data Visualization;ETL;Excel","Transforme les données brutes en insights exploitables.","Tableau Desktop Specialist"
"BI Analyst","SQL;Power BI;Power Query;DAX;Excel","Crée des rapports analytiques et surveille les KPIs.","Microsoft Certified: Data Analyst Associate"
"BI Analyst","SQL;QlikView;Excel;Data Modeling;ETL","Analyse et interprète les données pour aider la décision.","QlikView Developer Certification"
"BI Analyst","SQL;Power BI;Data Modeling;Excel;Visualization","Génère des dashboards BI dynamiques et précis.","Microsoft Certified: Data Analyst Associate"
"BI Analyst","SQL;Tableau;Excel;Data Visualization;ETL","Analyse les tendances et produit des rapports visuels.","Tableau Desktop Specialist"
"BI Analyst","SQL;Power BI;DAX;Excel;Visualization","Crée des dashboards interactifs pour le management.","Microsoft Certified: Data Analyst Associate"
"BI Analyst","SQL;Power BI;Power Query;Excel;ETL","Automatise les rapports et analyse les données.","Microsoft Certified: Data Analyst Associate"
"BI Analyst","SQL;Tableau;Data Modeling;Excel;Visualization","Transforme des données complexes en visualisations claires.","Tableau Desktop Specialist"
"BI Analyst","SQL;Power BI;Excel;Data Modeling;Visualization","Crée des solutions BI efficaces pour l’entreprise.","Microsoft Certified: Data Analyst Associate"
"BI Analyst","SQL;Power BI;DAX;Excel;ETL","Surveille les KPIs et automatise la collecte de données.","Microsoft Certified: Data Analyst Associate"
"BI Analyst","SQL;Tableau;Excel;Data Visualization;ETL","Analyse les données et crée des rapports interactifs.","Tableau Desktop Specialist"
"BI Analyst","SQL;Power BI;Excel;Power Query;DAX","Optimise les dashboards et l’analyse de données.","Microsoft Certified: Data Analyst Associate"
"BI Analyst","SQL;Power BI;Data Modeling;Excel;Visualization","Crée des rapports détaillés pour le management.","Microsoft Certified: Data Analyst Associate"
"BI Analyst","SQL;Tableau;Excel;Data Visualization;ETL","Conçoit des visualisations pour faciliter la décision.","Tableau Desktop Specialist"
"BI Analyst","SQL;Power BI;DAX;Excel;ETL","Développe des dashboards et analyse des KPIs.","Microsoft Certified: Data Analyst Associate"
"Data Analyst","SQL;Python;Excel;Data Visualization;Pandas","Extrait, nettoie et analyse les données pour produire des insights exploitables.","IBM Data Analyst Professional Certificate"
"Data Analyst","SQL;R;Excel;Data Visualization;ggplot2","Effectue l'analyse statistique des données et crée des visualisations.","DataCamp Data Analyst Certification"
"Data Analyst","Python;Pandas;Matplotlib;SQL;Excel","Prépare et analyse des datasets pour la prise de décision.","IBM Data Analyst Professional Certificate"
"Data Analyst","SQL;Python;Tableau;Excel;Visualization","Crée des tableaux de bord et analyse les données opérationnelles.","Tableau Desktop Specialist"
"Data Analyst","Python;Pandas;NumPy;SQL;Excel","Analyse des données structurées et génère des rapports.","IBM Data Analyst Professional Certificate"
"Data Analyst","SQL;Power BI;Excel;DAX;ETL","Développe des dashboards interactifs et automatisés.","Microsoft Certified: Data Analyst Associate"
"Data Analyst","Python;Jupyter;Pandas;Matplotlib;SQL","Effectue des analyses exploratoires sur des datasets.","IBM Data Analyst Professional Certificate"
"Data Analyst","SQL;Excel;Data Modeling;Visualization;Power Query","Analyse les données pour identifier les tendances et KPI.","Microsoft Certified: Data Analyst Associate"
"Data Analyst","Python;Pandas;Seaborn;SQL;Excel","Prépare et visualise les données pour les équipes métiers.","IBM Data Analyst Professional Certificate"
"Data Analyst","SQL;Power BI;DAX;Excel;Visualization","Crée des rapports interactifs pour le management.","Microsoft Certified: Data Analyst Associate"
"Data Analyst","Python;Pandas;Matplotlib;SQL;Excel","Analyse des données et produit des rapports visuels.","IBM Data Analyst Professional Certificate"
"Data Analyst","SQL;R;Excel;ggplot2;Data Cleaning","Effectue le nettoyage et l’analyse statistique des données.","DataCamp Data Analyst Certification"
"Data Analyst","Python;Pandas;NumPy;SQL;Power BI","Transforme les données brutes en insights exploitables.","IBM Data Analyst Professional Certificate"
"Data Analyst","SQL;Power BI;DAX;Excel;ETL","Automatise les processus d’analyse et reporting.","Microsoft Certified: Data Analyst Associate"
"Data Analyst","Python;Pandas;Matplotlib;SQL;Excel","Visualise et analyse des datasets complexes.","IBM Data Analyst Professional Certificate"
"Data Analyst","SQL;Excel;Power Query;Visualization;Data Cleaning","Prépare et analyse des données pour la prise de décision.","Microsoft Certified: Data Analyst Associate"
"Data Analyst","Python;Pandas;Seaborn;Matplotlib;SQL","Analyse les données pour produire des rapports visuels.","IBM Data Analyst Professional Certificate"
"Data Analyst","SQL;Power BI;Excel;Data Modeling;DAX","Crée des dashboards interactifs et pertinents.","Microsoft Certified: Data Analyst Associate"
"Data Analyst","Python;Jupyter;Pandas;Visualization;SQL","Prépare, analyse et visualise les données.","IBM Data Analyst Professional Certificate"
"Data Analyst","SQL;Excel;Power BI;DAX;ETL","Analyse des KPIs et génère des rapports automatisés.","Microsoft Certified: Data Analyst Associate"
"DevOps Engineer","Linux;Docker;Kubernetes;CI/CD;Git","Automatise le déploiement et la gestion des infrastructures cloud et applications.","AWS Certified DevOps Engineer;Docker Certified Associate"
"DevOps Engineer","Linux;Ansible;Terraform;Docker;CI/CD","Gère l'infrastructure en tant que code et déploie des applications scalables.","HashiCorp Certified: Terraform Associate"
"DevOps Engineer","Linux;Jenkins;Docker;Kubernetes;Git","Met en place des pipelines CI/CD pour des projets software.","Jenkins Engineer Certification"
"DevOps Engineer","Linux;Docker;Kubernetes;Terraform;CI/CD","Déploie et maintient des environnements cloud sécurisés et automatisés.","AWS Certified DevOps Engineer"
"DevOps Engineer","Linux;Git;Docker;CI/CD;AWS","Supervise les déploiements et la continuité des services.","AWS Certified DevOps Engineer"
"DevOps Engineer","Linux;Ansible;Docker;Kubernetes;CI/CD","Automatise la configuration et le déploiement des environnements.","Docker Certified Associate"
"DevOps Engineer","Linux;Terraform;AWS;CI/CD;Git","Développe des infrastructures cloud reproductibles et sécurisées.","HashiCorp Certified: Terraform Associate"
"DevOps Engineer","Linux;Docker;Jenkins;CI/CD;Kubernetes","Gère les pipelines CI/CD et la conteneurisation des applications.","Jenkins Engineer Certification"
"DevOps Engineer","Linux;Kubernetes;Docker;CI/CD;AWS","Déploie et supervise des applications conteneurisées sur le cloud.","AWS Certified DevOps Engineer"
"DevOps Engineer","Linux;Terraform;Ansible;Docker;CI/CD","Automatise les déploiements et la configuration d’infrastructure.","HashiCorp Certified: Terraform Associate"
"DevOps Engineer","Linux;Git;Jenkins;Docker;CI/CD","Met en place des pipelines CI/CD fiables et sécurisés.","Jenkins Engineer Certification"
"DevOps Engineer","Linux;Docker;Kubernetes;Terraform;CI/CD","Conçoit et déploie des infrastructures cloud évolutives.","AWS Certified DevOps Engineer"
"DevOps Engineer","Linux;Ansible;Docker;CI/CD;Git","Automatise les tâches répétitives et la gestion des environnements.","Docker Certified Associate"
"DevOps Engineer","Linux;Terraform;AWS;Docker;CI/CD","Déploie des architectures cloud en toute sécurité.","HashiCorp Certified: Terraform Associate"
"DevOps Engineer","Linux;Kubernetes;Jenkins;Docker;CI/CD","Surveille et gère les déploiements applicatifs.","Jenkins Engineer Certification"
"DevOps Engineer","Linux;Docker;Terraform;CI/CD;Git","Met en place des pipelines de déploiement automatisés.","AWS Certified DevOps Engineer"
"DevOps Engineer","Linux;Ansible;Docker;Kubernetes;CI/CD","Automatise les déploiements et maintient l’infrastructure cloud.","Docker Certified Associate"
"DevOps Engineer","Linux;Terraform;AWS;CI/CD;Git","Conçoit et gère l’infrastructure cloud en toute sécurité.","HashiCorp Certified: Terraform Associate"
"DevOps Engineer","Linux;Docker;Kubernetes;Jenkins;CI/CD","Déploie et supervise les applications conteneurisées.","Jenkins Engineer Certification"
"DevOps Engineer","Linux;Git;Docker;Terraform;CI/CD","Automatise les pipelines et déploie l’infrastructure cloud.","AWS Certified DevOps Engineer"
"Cloud Engineer","AWS;Azure;GCP;Terraform;Docker;Kubernetes","Conçoit, déploie et maintient des architectures cloud sécurisées et scalables.","AWS Certified Solutions Architect;Microsoft Certified: Azure Solutions Architect Expert"
"Cloud Engineer","AWS;Python;Terraform;Kubernetes;CI/CD","Automatise le déploiement d’infrastructures cloud et la gestion des services.","AWS Certified DevOps Engineer;HashiCorp Certified: Terraform Associate"
"Cloud Engineer","Azure;PowerShell;Docker;Kubernetes;Terraform","Gère et optimise les services cloud Microsoft Azure.","Microsoft Certified: Azure Administrator Associate"
"Cloud Engineer","GCP;Terraform;Docker;Kubernetes;Python","Déploie des solutions cloud sur Google Cloud Platform avec automatisation.","Google Cloud Professional Cloud Architect"
"Cloud Engineer","AWS;Docker;Kubernetes;Terraform;CI/CD","Met en place des infrastructures cloud conteneurisées et scalables.","AWS Certified Solutions Architect"
"Cloud Engineer","Azure;Python;Terraform;CI/CD;Kubernetes","Automatise le déploiement et le scaling des services cloud.","Microsoft Certified: Azure Solutions Architect Expert"
"Cloud Engineer","AWS;Terraform;Docker;CloudFormation;Git","Déploie et gère des infrastructures cloud avec Infrastructure as Code.","AWS Certified DevOps Engineer"
"Cloud Engineer","GCP;Python;Terraform;Docker;Kubernetes","Gère des applications cloud sécurisées et performantes.","Google Cloud Professional Cloud Architect"
"Cloud Engineer","AWS;Azure;Docker;Kubernetes;CI/CD","Déploie et maintient des solutions cloud hybrides.","AWS Certified Solutions Architect;Microsoft Certified: Azure Administrator"
"Cloud Engineer","AWS;Terraform;Python;Docker;CI/CD","Automatise et optimise les pipelines cloud.","AWS Certified DevOps Engineer"
"Cloud Engineer","Azure;PowerShell;Terraform;Docker;Kubernetes","Gère l’infrastructure cloud Azure et les conteneurs.","Microsoft Certified: Azure Administrator Associate"
"Cloud Engineer","GCP;Terraform;Docker;Kubernetes;CI/CD","Conçoit et déploie des architectures cloud performantes.","Google Cloud Professional Cloud Architect"
"Cloud Engineer","AWS;Python;Terraform;Docker;Kubernetes","Déploie et supervise les applications cloud et conteneurs.","AWS Certified Solutions Architect"
"Cloud Engineer","Azure;Docker;Terraform;CI/CD;Kubernetes","Automatise le déploiement des services cloud Azure.","Microsoft Certified: Azure Solutions Architect Expert"
"Cloud Engineer","GCP;Python;Docker;Kubernetes;Terraform","Assure la scalabilité et la sécurité des solutions cloud.","Google Cloud Professional Cloud Architect"
"Cloud Engineer","AWS;Terraform;Docker;Kubernetes;CI/CD","Gère et automatise les infrastructures cloud sécurisées.","AWS Certified DevOps Engineer"
"Cloud Engineer","Azure;Python;Terraform;Docker;CI/CD","Déploie des solutions cloud optimisées et scalables.","Microsoft Certified: Azure Administrator Associate"
"Cloud Engineer","GCP;Terraform;Docker;Kubernetes;Git","Conçoit des architectures cloud pour les applications critiques.","Google Cloud Professional Cloud Architect"
"Cloud Engineer","AWS;Docker;Kubernetes;Terraform;CI/CD","Met en place et gère des infrastructures cloud résilientes.","AWS Certified Solutions Architect"
"Cloud Engineer","Azure;PowerShell;Terraform;Docker;CI/CD","Automatise et supervise l’infrastructure cloud Azure.","Microsoft Certified: Azure Solutions Architect Expert"
"Site Reliability Engineer (SRE)","Linux;Kubernetes;Docker;Prometheus;Terraform;CI/CD","Assure la disponibilité, la scalabilité et la performance des services en production.","Certified Kubernetes Administrator;AWS Certified DevOps Engineer"
"Site Reliability Engineer (SRE)","Python;Linux;Terraform;Prometheus;Grafana;CI/CD","Supervise et automatise les opérations pour garantir la fiabilité des systèmes.","Google Professional DevOps Engineer"
"Site Reliability Engineer (SRE)","Linux;Docker;Kubernetes;Ansible;CI/CD","Automatise les déploiements et surveille les systèmes critiques.","Certified Kubernetes Administrator"
"Site Reliability Engineer (SRE)","Linux;Prometheus;Grafana;Terraform;CI/CD","Implémente le monitoring et l’alerting pour les applications.","Google Professional DevOps Engineer"
"Site Reliability Engineer (SRE)","Linux;Python;Docker;Kubernetes;CI/CD","Assure la disponibilité et le scaling automatique des services.","AWS Certified DevOps Engineer"
"Site Reliability Engineer (SRE)","Linux;Terraform;Ansible;Docker;CI/CD","Gère et automatise l’infrastructure pour des systèmes fiables.","Certified Kubernetes Administrator"
"Site Reliability Engineer (SRE)","Linux;Kubernetes;Prometheus;Grafana;CI/CD","Supervise les applications cloud et garantit leur performance.","Google Professional DevOps Engineer"
"Site Reliability Engineer (SRE)","Python;Linux;Docker;CI/CD;Terraform","Automatise les déploiements et gère les incidents.","AWS Certified DevOps Engineer"
"Site Reliability Engineer (SRE)","Linux;Kubernetes;Docker;Prometheus;CI/CD","Met en place des pipelines robustes et surveille les systèmes.","Certified Kubernetes Administrator"
"Site Reliability Engineer (SRE)","Linux;Python;Terraform;Grafana;CI/CD","Gère l’infrastructure et assure la disponibilité des services.","Google Professional DevOps Engineer"
"Site Reliability Engineer (SRE)","Linux;Docker;Kubernetes;CI/CD;Monitoring","Automatise les processus et surveille les systèmes critiques.","AWS Certified DevOps Engineer"
"Site Reliability Engineer (SRE)","Linux;Terraform;Prometheus;Grafana;Docker","Supervise la performance et la résilience des applications.","Certified Kubernetes Administrator"
"Site Reliability Engineer (SRE)","Python;Linux;Kubernetes;CI/CD;Terraform","Assure la scalabilité et la fiabilité des systèmes.","Google Professional DevOps Engineer"
"Site Reliability Engineer (SRE)","Linux;Docker;CI/CD;Monitoring;Ansible","Optimise les opérations et la disponibilité des services.","AWS Certified DevOps Engineer"
"Site Reliability Engineer (SRE)","Linux;Kubernetes;Terraform;Prometheus;CI/CD","Conçoit des systèmes fiables et scalables.","Certified Kubernetes Administrator"
"Site Reliability Engineer (SRE)","Python;Docker;Kubernetes;Grafana;CI/CD","Supervise et optimise les systèmes en production.","Google Professional DevOps Engineer"
"Site Reliability Engineer (SRE)","Linux;Terraform;Docker;CI/CD;Monitoring","Automatise la configuration et la surveillance des services.","AWS Certified DevOps Engineer"
"Site Reliability Engineer (SRE)","Linux;Kubernetes;Prometheus;Python;CI/CD","Assure la performance et la résilience des applications.","Certified Kubernetes Administrator"
"Site Reliability Engineer (SRE)","Linux;Docker;CI/CD;Grafana;Terraform","Gère les infrastructures et optimise la fiabilité des services.","Google Professional DevOps Engineer"
"Site Reliability Engineer (SRE)","Linux;Python;Docker;Kubernetes;CI/CD","Automatise les déploiements et la surveillance des systèmes.","AWS Certified DevOps Engineer"
"Systems Administrator","Linux;Shell Scripting;Networking;Active Directory;Monitoring","Gère et maintient les systèmes et serveurs pour assurer leur disponibilité et sécurité.","CompTIA Linux+;Microsoft Certified: Windows Server Administrator"
"Systems Administrator","Windows Server;Active Directory;PowerShell;Networking;VMware","Administre les serveurs Windows et optimise l’infrastructure IT.","Microsoft Certified: Windows Server Administrator"
"Systems Administrator","Linux;Networking;Shell Scripting;VMware;Monitoring","Supervise les systèmes et assure la résolution rapide des incidents.","CompTIA Linux+;VMware Certified Professional"
"Systems Administrator","Windows Server;Active Directory;PowerShell;Backup;Monitoring","Gère et sécurise les serveurs Windows et les utilisateurs.","Microsoft Certified: Windows Server Administrator"
"Systems Administrator","Linux;Shell Scripting;Networking;Monitoring;Ansible","Automatise la configuration et le monitoring des serveurs.","CompTIA Linux+;Red Hat Certified System Administrator"
"Systems Administrator","Windows Server;PowerShell;Active Directory;Backup;Networking","Assure la maintenance et la sécurité des systèmes Windows.","Microsoft Certified: Windows Server Administrator"
"Systems Administrator","Linux;VMware;Shell Scripting;Networking;Monitoring","Supervise et maintient les serveurs Linux et virtualisés.","Red Hat Certified System Administrator;VMware Certified Professional"
"Systems Administrator","Windows Server;Active Directory;PowerShell;Monitoring;Security","Gère l’administration et la sécurité des serveurs Windows.","Microsoft Certified: Windows Server Administrator"
"Systems Administrator","Linux;Networking;Shell Scripting;Backup;Monitoring","Assure la disponibilité et la performance des serveurs Linux.","CompTIA Linux+"
"Systems Administrator","Windows Server;PowerShell;Active Directory;Networking;VMware","Administre et sécurise l’infrastructure Windows.","Microsoft Certified: Windows Server Administrator"
"Systems Administrator","Linux;Shell Scripting;Ansible;Monitoring;Networking","Automatise et supervise les systèmes Linux.","Red Hat Certified System Administrator"
"Systems Administrator","Windows Server;Active Directory;Backup;PowerShell;Monitoring","Gère les serveurs et les stratégies de sécurité Windows.","Microsoft Certified: Windows Server Administrator"
"Systems Administrator","Linux;VMware;Networking;Monitoring;Shell Scripting","Maintient les serveurs physiques et virtualisés Linux.","VMware Certified Professional;CompTIA Linux+"
"Systems Administrator","Windows Server;Active Directory;PowerShell;Security;Backup","Administre et sécurise l’infrastructure IT Windows.","Microsoft Certified: Windows Server Administrator"
"Systems Administrator","Linux;Networking;Shell Scripting;Monitoring;Ansible","Automatise la configuration et le déploiement des systèmes.","Red Hat Certified System Administrator"
"Systems Administrator","Windows Server;PowerShell;Active Directory;Backup;VMware","Gère les serveurs Windows et les environnements virtualisés.","Microsoft Certified: Windows Server Administrator"
"Systems Administrator","Linux;Shell Scripting;Networking;Monitoring;VMware","Supervise les systèmes et automatise les tâches répétitives.","CompTIA Linux+;VMware Certified Professional"
"Systems Administrator","Windows Server;Active Directory;PowerShell;Networking;Backup","Administre les utilisateurs et serveurs Windows.","Microsoft Certified: Windows Server Administrator"
"Systems Administrator","Linux;Ansible;Shell Scripting;Monitoring;Networking","Gère les configurations et la disponibilité des serveurs Linux.","Red Hat Certified System Administrator"
"Systems Administrator","Windows Server;PowerShell;Active Directory;Monitoring;Security","Assure la maintenance, le monitoring et la sécurité Windows.","Microsoft Certified: Windows Server Administrator"
"Windows System Administrator","Windows Server;Active Directory;PowerShell;Group Policy;Networking","Administre et sécurise l’infrastructure Windows Server et les utilisateurs.","Microsoft Certified: Windows Server Administrator"
"Windows System Administrator","Windows Server;PowerShell;Active Directory;Backup;Monitoring","Supervise les serveurs Windows et les sauvegardes.","Microsoft Certified: Windows Server Administrator"
"Windows System Administrator","Windows Server;Active Directory;PowerShell;VMware;Networking","Gère et maintient les serveurs Windows dans des environnements virtualisés.","Microsoft Certified: Windows Server Administrator;VMware Certified Professional"
"Windows System Administrator","Windows Server;Active Directory;Group Policy;PowerShell;Monitoring","Implémente des stratégies et surveille la santé des serveurs.","Microsoft Certified: Windows Server Administrator"
"Windows System Administrator","Windows Server;PowerShell;Active Directory;Security;Backup","Sécurise et maintient les serveurs Windows.","Microsoft Certified: Windows Server Administrator"
"Windows System Administrator","Windows Server;Active Directory;PowerShell;Networking;Monitoring","Administre les serveurs et réseaux Windows.","Microsoft Certified: Windows Server Administrator"
"Windows System Administrator","Windows Server;PowerShell;Active Directory;VMware;Backup","Gère les environnements Windows et virtualisés.","Microsoft Certified: Windows Server Administrator;VMware Certified Professional"
"Windows System Administrator","Windows Server;Group Policy;PowerShell;Active Directory;Monitoring","Met en place des politiques de sécurité et surveille l’infrastructure.","Microsoft Certified: Windows Server Administrator"
"Windows System Administrator","Windows Server;Active Directory;PowerShell;Networking;Security","Administre les serveurs et renforce la sécurité Windows.","Microsoft Certified: Windows Server Administrator"
"Windows System Administrator","Windows Server;PowerShell;Active Directory;Backup;Monitoring","Supervise les sauvegardes et la disponibilité des serveurs.","Microsoft Certified: Windows Server Administrator"
"Windows System Administrator","Windows Server;Active Directory;PowerShell;VMware;Networking","Gère les serveurs Windows et les environnements virtualisés.","Microsoft Certified: Windows Server Administrator;VMware Certified Professional"
"Windows System Administrator","Windows Server;Group Policy;PowerShell;Active Directory;Monitoring","Implémente des stratégies de groupe et surveille les serveurs.","Microsoft Certified: Windows Server Administrator"
"Windows System Administrator","Windows Server;PowerShell;Active Directory;Security;Backup","Assure la sécurité et la maintenance des serveurs Windows.","Microsoft Certified: Windows Server Administrator"
"Windows System Administrator","Windows Server;Active Directory;PowerShell;Networking;Monitoring","Administre les serveurs et réseaux Windows.","Microsoft Certified: Windows Server Administrator"
"Windows System Administrator","Windows Server;PowerShell;Active Directory;VMware;Backup","Gère les environnements Windows et virtualisés.","Microsoft Certified: Windows Server Administrator;VMware Certified Professional"
"Windows System Administrator","Windows Server;Group Policy;PowerShell;Active Directory;Monitoring","Met en place des politiques de sécurité et surveille l’infrastructure.","Microsoft Certified: Windows Server Administrator"
"Windows System Administrator","Windows Server;Active Directory;PowerShell;Networking;Security","Administre les serveurs et renforce la sécurité Windows.","Microsoft Certified: Windows Server Administrator"
"Platform Engineer","Linux;Docker;Kubernetes;Terraform;CI/CD;AWS","Conçoit et maintient des plateformes logicielles robustes et scalables.","AWS Certified Solutions Architect;Certified Kubernetes Administrator"
"Platform Engineer","Linux;Terraform;Docker;Kubernetes;Python;CI/CD","Automatise le déploiement et la gestion des environnements plateformes.","HashiCorp Certified: Terraform Associate;AWS Certified DevOps Engineer"
"Platform Engineer","Linux;AWS;Docker;Kubernetes;CI/CD;Git","Déploie et supervise des plateformes cloud sécurisées et résilientes.","AWS Certified Solutions Architect;Certified Kubernetes Administrator"
"Platform Engineer","Linux;Terraform;Docker;CI/CD;Kubernetes;Python","Gère l’infrastructure et les services de plateformes pour les applications.","HashiCorp Certified: Terraform Associate"
"Platform Engineer","Linux;Docker;Kubernetes;CI/CD;AWS;Ansible","Automatise et surveille les systèmes de plateformes.","AWS Certified DevOps Engineer;Docker Certified Associate"
"Platform Engineer","Linux;Terraform;Kubernetes;Docker;Python;CI/CD","Met en place et maintient des plateformes logicielles cloud et conteneurisées.","Certified Kubernetes Administrator"
"Platform Engineer","Linux;AWS;Docker;Kubernetes;Terraform;CI/CD","Assure la scalabilité et la sécurité des plateformes cloud.","AWS Certified Solutions Architect"
"Platform Engineer","Linux;Docker;Kubernetes;CI/CD;Python;Terraform","Déploie des services de plateformes automatisés et fiables.","HashiCorp Certified: Terraform Associate;AWS Certified DevOps Engineer"
"Platform Engineer","Linux;Docker;Kubernetes;Terraform;CI/CD;Git","Gère l’infrastructure et assure la continuité des services plateformes.","Certified Kubernetes Administrator"
"Platform Engineer","Linux;AWS;Docker;CI/CD;Kubernetes;Python","Optimise les performances et la résilience des plateformes cloud.","AWS Certified Solutions Architect"
"Platform Engineer","Linux;Terraform;Docker;Kubernetes;CI/CD;Ansible","Automatise le déploiement et la maintenance des plateformes.","AWS Certified DevOps Engineer"
"Platform Engineer","Linux;Docker;Kubernetes;CI/CD;Python;Terraform","Supervise et déploie des plateformes cloud sécurisées et scalables.","Certified Kubernetes Administrator"
"Platform Engineer","Linux;AWS;Docker;Kubernetes;Terraform;CI/CD","Conçoit et gère des plateformes logicielles résilientes.","AWS Certified Solutions Architect"
"Platform Engineer","Linux;Docker;Kubernetes;CI/CD;Python;Terraform","Automatise et optimise les workflows plateformes.","HashiCorp Certified: Terraform Associate"
"Platform Engineer","Linux;AWS;Docker;Kubernetes;CI/CD;Git","Déploie et supervise des plateformes cloud pour applications critiques.","AWS Certified DevOps Engineer"
"Platform Engineer","Linux;Terraform;Docker;CI/CD;Kubernetes;Python","Gère l’infrastructure et assure la haute disponibilité des plateformes.","Certified Kubernetes Administrator"
"Platform Engineer","Linux;Docker;Kubernetes;CI/CD;AWS;Terraform","Assure le déploiement et le monitoring des plateformes cloud.","AWS Certified Solutions Architect"
"Platform Engineer","Linux;Terraform;Docker;Kubernetes;CI/CD;Ansible","Automatise les services plateformes et maintient leur fiabilité.","AWS Certified DevOps Engineer"
"Platform Engineer","Linux;Docker;Kubernetes;CI/CD;Python;Git","Supervise et optimise les plateformes logicielles et cloud.","Certified Kubernetes Administrator"
"Platform Engineer","Linux;AWS;Terraform;Docker;Kubernetes;CI/CD","Déploie des plateformes cloud sécurisées et performantes.","AWS Certified Solutions Architect"
"Product Designer","Figma;Sketch;Adobe XD;User Research;Prototyping;Wireframing","Conçoit des produits numériques centrés utilisateur avec prototypes et tests.","NN/g UX Certification;Certified Product Designer"
"Product Designer","Figma;Adobe Illustrator;Prototyping;UX Research;Wireframing","Développe des interfaces et parcours utilisateurs efficaces et intuitifs.","Interaction Design Foundation Certificate"
"Product Designer","Sketch;Figma;Adobe XD;User Research;Prototyping","Crée des maquettes interactives et définit l’expérience produit.","NN/g UX Certification"
"Product Designer","Figma;Adobe XD;Prototyping;User Testing;Wireframing","Conçoit et teste des interfaces pour maximiser l’engagement utilisateur.","Certified Product Designer"
"Product Designer","Sketch;Figma;User Research;Wireframing;Prototyping","Développe des designs centrés sur l’utilisateur et les objectifs produit.","Interaction Design Foundation Certificate"
"Product Designer","Figma;Adobe Illustrator;Prototyping;UX Research;Wireframing","Optimise les parcours utilisateurs et crée des prototypes interactifs.","NN/g UX Certification"
"Product Designer","Sketch;Figma;Adobe XD;User Testing;Wireframing","Crée et teste des designs pour des applications web et mobile.","Certified Product Designer"
"Product Designer","Figma;Adobe XD;Prototyping;User Research;Wireframing","Conçoit des expériences utilisateur fluides et intuitives.","Interaction Design Foundation Certificate"
"Product Designer","Sketch;Figma;Adobe Illustrator;Prototyping;UX Research","Réalise des prototypes et collecte des retours utilisateurs.","NN/g UX Certification"
"Product Designer","Figma;Adobe XD;Wireframing;User Testing;Prototyping","Développe des interfaces et parcours utilisateurs optimisés.","Certified Product Designer"
"Product Designer","Sketch;Figma;User Research;Prototyping;Wireframing","Conçoit des produits numériques avec focus sur l’expérience utilisateur.","Interaction Design Foundation Certificate"
"Product Designer","Figma;Adobe XD;Prototyping;User Research;Wireframing","Crée des interfaces et prototypes pour améliorer l’expérience utilisateur.","NN/g UX Certification"
"Product Designer","Sketch;Figma;Adobe Illustrator;Prototyping;User Testing","Optimise les designs et parcours utilisateur à travers des tests.","Certified Product Designer"
"Product Designer","Figma;Adobe XD;Wireframing;Prototyping;UX Research","Développe des produits intuitifs et testés avec des utilisateurs.","Interaction Design Foundation Certificate"
"Product Designer","Sketch;Figma;Prototyping;Adobe XD;User Research","Réalise des maquettes interactives et améliore l’expérience utilisateur.","NN/g UX Certification"
"Product Designer","Figma;Adobe Illustrator;Wireframing;Prototyping;User Testing","Crée et teste des prototypes pour optimiser le produit.","Certified Product Designer"
"Product Designer","Sketch;Figma;Adobe XD;Prototyping;User Research","Conçoit des interfaces utilisateur centrées sur l’efficacité et l’engagement.","Interaction Design Foundation Certificate"
"Product Designer","Figma;Adobe XD;Wireframing;Prototyping;User Testing","Développe des parcours utilisateurs efficaces pour le produit.","NN/g UX Certification"
"Product Designer","Sketch;Figma;Adobe Illustrator;User Research;Prototyping","Crée des prototypes et optimise l’expérience utilisateur.","Certified Product Designer"
"Product Designer","Figma;Adobe XD;Wireframing;Prototyping;UX Research","Conçoit et teste des interfaces pour maximiser l’engagement.","Interaction Design Foundation Certificate"
"UX Designer","Figma;Adobe XD;User Research;Wireframing;Prototyping","Conçoit des expériences utilisateur intuitives basées sur des recherches approfondies.","NN/g UX Certification;UXQB Certified UX Professional"
"UX Designer","Sketch;Figma;User Testing;Prototyping;Wireframing","Analyse et améliore les parcours utilisateur des applications digitales.","Interaction Design Foundation Certificate"
"UX Designer","Figma;Adobe XD;Wireframing;Prototyping;User Research","Développe des interfaces et expériences centrées utilisateur.","NN/g UX Certification"
"UX Designer","Figma;Sketch;User Research;Prototyping;User Testing","Optimise l’expérience utilisateur par tests et itérations.","UXQB Certified UX Professional"
"UX Designer","Adobe XD;Figma;Wireframing;Prototyping;User Research","Conçoit des expériences utilisateurs fluides et efficaces.","Interaction Design Foundation Certificate"
"UX Designer","Sketch;Figma;User Testing;Prototyping;Wireframing","Analyse les besoins utilisateurs et développe des interfaces intuitives.","NN/g UX Certification"
"UX Designer","Figma;Adobe XD;Prototyping;User Research;Wireframing","Réalise des parcours utilisateur optimisés et testés.","UXQB Certified UX Professional"
"UX Designer","Figma;Sketch;Adobe XD;User Research;Wireframing","Crée des interfaces centrées sur l’utilisateur et les objectifs produit.","Interaction Design Foundation Certificate"
"UX Designer","Figma;Adobe XD;Prototyping;User Testing;Wireframing","Améliore l’expérience utilisateur à travers tests et prototypes.","NN/g UX Certification"
"UX Designer","Sketch;Figma;Adobe XD;User Research;Prototyping","Conçoit des expériences intuitives et centrées utilisateur.","UXQB Certified UX Professional"
"UI Designer","Figma;Sketch;Adobe XD;Visual Design;Prototyping;Interaction Design","Crée des interfaces visuelles attractives et fonctionnelles pour les applications.","Certified UI Designer;Interaction Design Foundation Certificate"
"UI Designer","Adobe XD;Figma;Sketch;Typography;Color Theory;Prototyping","Conçoit des interfaces utilisateur cohérentes et esthétiques.","NN/g UX Certification;Certified UI Designer"
"UI Designer","Figma;Sketch;Adobe Illustrator;Prototyping;Visual Design","Réalise des maquettes et prototypes UI interactifs et attractifs.","Interaction Design Foundation Certificate"
"UI Designer","Adobe XD;Figma;Prototyping;Visual Design;Interaction Design","Développe des interfaces digitales ergonomiques et esthétiques.","Certified UI Designer"
"UI Designer","Figma;Sketch;Adobe XD;Typography;Color Theory;Prototyping","Optimise l’expérience visuelle des utilisateurs et interfaces.","NN/g UX Certification"
"UI Designer","Adobe XD;Figma;Sketch;Visual Design;Interaction Design","Crée des interfaces UI cohérentes, intuitives et engageantes.","Certified UI Designer"
"UI Designer","Figma;Adobe Illustrator;Sketch;Prototyping;Visual Design","Conçoit des maquettes et prototypes UI interactifs et fonctionnels.","Interaction Design Foundation Certificate"
"UI Designer","Adobe XD;Figma;Sketch;Typography;Color Theory;Visual Design","Assure une expérience utilisateur visuelle optimale et cohérente.","Certified UI Designer"
"UI Designer","Figma;Sketch;Adobe XD;Prototyping;Interaction Design","Réalise des interfaces visuelles et interactives attractives.","NN/g UX Certification"
"UI Designer","Adobe XD;Figma;Sketch;Visual Design;Typography;Prototyping","Crée et optimise des interfaces digitales engageantes.","Certified UI Designer"
"UI Designer","Figma;Adobe XD;Sketch;Prototyping;Visual Design","Conçoit des interfaces utilisateur esthétiques et fonctionnelles.","Interaction Design Foundation Certificate"
"UI Designer","Adobe XD;Figma;Sketch;Typography;Color Theory;Prototyping","Optimise l’expérience visuelle des utilisateurs et interfaces.","NN/g UX Certification"
"UI Designer","Figma;Sketch;Adobe XD;Visual Design;Interaction Design","Crée des interfaces digitales cohérentes et engageantes.","Certified UI Designer"
"UI Designer","Adobe XD;Figma;Sketch;Typography;Color Theory;Prototyping","Conçoit des interfaces utilisateur esthétiques et fonctionnelles.","Interaction Design Foundation Certificate"
"UI Designer","Figma;Adobe XD;Sketch;Visual Design;Prototyping;Interaction Design","Réalise des maquettes et prototypes UI interactifs et attractifs.","Certified UI Designer"
"Network Administrator","TCP/IP;Routing;Switching;VLAN;Cisco IOS;Network Monitoring","Gère et maintient l’infrastructure réseau afin d’assurer une connectivité stable et sécurisée pour l’ensemble des utilisateurs.","CCNA;CompTIA Network+"
"Network Administrator","DNS;DHCP;Firewall;VPN;Network Troubleshooting;Linux Networking","Administre les services réseau critiques et résout les incidents pour garantir la disponibilité du système.","CCNA;Linux Professional Institute Network Specialist"
"Network Administrator","LAN;WAN;QoS;Network Security;Cisco Hardware;Monitoring Tools","Optimise les performances du réseau interne et externe en appliquant des règles de qualité de service.","CCNP;CompTIA Network+"
"Network Administrator","Wireshark;Routing Protocols;OSPF;BGP;Network Analysis;Documentation","Analyse le trafic réseau et documente les architectures pour améliorer la fiabilité globale.","CCNA;Cisco Network Automation Essentials"
"Network Administrator","Firewall Configuration;VPN Management;Access Control;Network Policies;Risk Mitigation","Met en place des règles de sécurité réseau et contrôle les accès distants.","CCNA Security;CompTIA Security+"
"Network Administrator","Switch Configuration;Network Cabling;IP Addressing;Troubleshooting;IT Support","Assure l’installation physique et logique des équipements réseau et le support technique.","CompTIA Network+;ITIL Foundation"
"Network Administrator","Cloud Networking;AWS VPC;Hybrid Networks;Routing;Security Groups","Gère les réseaux hybrides reliant les environnements cloud et on-premise.","AWS Certified Advanced Networking;CCNA"
"Network Administrator","Monitoring Tools;SNMP;Nagios;Zabbix;Performance Tuning","Surveille en continu les performances réseau et anticipe les problèmes potentiels.","CompTIA Network+;Monitoring Professional Certificate"
"Network Administrator","IPv6;Network Design;Scalability;Documentation;Best Practices","Conçoit des architectures réseau évolutives adaptées à la croissance de l’entreprise.","CCNP Enterprise;Cisco Design Certificate"
"Network Administrator","Wireless Networks;WiFi Security;Access Points;Troubleshooting","Déploie et sécurise les réseaux sans fil pour les utilisateurs internes.","CWNA;CCNA"
"Network Administrator","Network Automation;Python;Ansible;Cisco APIs;Scripting","Automatise les tâches réseau pour réduire les erreurs et améliorer l’efficacité.","Cisco DevNet Associate;CCNA"
"Network Administrator","Load Balancing;High Availability;Failover;Network Redundancy","Met en œuvre des solutions de haute disponibilité pour assurer la continuité de service.","CCNP Enterprise;CompTIA Network+"
"Network Administrator","Network Auditing;Compliance;Security Policies;Reporting","Réalise des audits réseau et veille à la conformité aux normes internes.","ISO 27001 Foundation;CCNA"
"Network Administrator","Proxy Servers;Web Filtering;Traffic Control;Security","Configure les proxys et filtres web pour contrôler et sécuriser l’accès Internet.","CompTIA Security+;CCNA"
"Network Administrator","Network Documentation;Topology Mapping;Visio;Reporting","Maintient une documentation claire des topologies réseau et procédures.","ITIL Foundation;CCNA"
"Network Administrator","Disaster Recovery;Backup Networks;Redundancy Planning","Prépare des plans de reprise réseau en cas d’incident majeur.","BCP Certification;CCNP"
"Network Administrator","VoIP;IP Telephony;QoS;Cisco Call Manager","Administre les solutions de téléphonie IP et garantit la qualité des communications.","Cisco Collaboration Associate;CCNA"
"Network Administrator","Network Security;IDS;IPS;Threat Prevention","Implémente des systèmes de détection et prévention des intrusions réseau.","CompTIA Security+;CCNA Security"
"Network Administrator","Vendor Management;Network Procurement;Budgeting","Gère les relations fournisseurs et le renouvellement des équipements réseau.","ITIL Foundation;Network Management Certificate"
"Network Administrator","Routing Optimization;Traffic Engineering;Performance Analysis","Améliore les chemins de routage pour optimiser les flux réseau.","CCNP Enterprise;Cisco Performance Certificate"
"Network Administrator","Edge Networking;SD-WAN;Network Optimization","Déploie des solutions SD-WAN pour connecter les sites distants efficacement.","Cisco SD-WAN Specialist;CCNP"
"Network Administrator","Access Control;NAC;User Authentication;Security","Met en place des mécanismes de contrôle d’accès réseau basés sur les utilisateurs.","CompTIA Security+;Cisco ISE"
"Network Administrator","Network Virtualization;VMware NSX;Overlay Networks","Administre des réseaux virtualisés pour les environnements cloud privés.","VMware NSX Certification;CCNA"
"Network Administrator","Change Management;Network Upgrades;Testing","Planifie et exécute les mises à jour réseau avec un minimum d’interruptions.","ITIL Change Management;CCNP"
"Network Administrator","Traffic Monitoring;NetFlow;Analytics;Reporting","Analyse les flux réseau pour détecter les anomalies et tendances.","Cisco NetFlow Analyst;CCNA"
"Network Administrator","Endpoint Connectivity;Switch Ports;Security Policies","Gère la connectivité des postes utilisateurs et applique les politiques réseau.","CompTIA Network+;CCNA"
"Network Administrator","Remote Access;VPN SSL;User Support","Configure l’accès distant sécurisé pour les collaborateurs.","CompTIA Security+;CCNA Security"
"Network Administrator","Network Capacity Planning;Forecasting;Scalability","Anticipe les besoins réseau futurs et planifie les capacités nécessaires.","CCNP Enterprise;Capacity Planning Certificate"
"Network Administrator","Firewall Auditing;Rule Optimization;Security Reviews","Optimise les règles de pare-feu pour renforcer la sécurité réseau.","Firewall Specialist Certification;CompTIA Security+"
"Network Administrator","Network Compliance;ISO Standards;Documentation","Veille au respect des normes de sécurité et de qualité réseau.","ISO 27001 Foundation;CCNA"
"Network Administrator","Troubleshooting;Root Cause Analysis;Incident Management","Identifie rapidement les causes des incidents réseau et les résout.","ITIL Incident Management;CompTIA Network+"
"Network Administrator","Network Scripting;PowerShell;Automation;Monitoring","Développe des scripts pour automatiser la surveillance réseau.","PowerShell Certification;CCNA"
"Network Administrator","Campus Networking;Large Scale Networks;Design","Administre des réseaux de grande envergure sur plusieurs bâtiments.","CCNP Enterprise;Cisco Design Expert"
"Network Administrator","WAN Optimization;Latency Reduction;Performance","Réduit la latence sur les liaisons WAN critiques.","WAN Optimization Certificate;CCNP"
"Network Administrator","Network Security Awareness;Training;Policies","Sensibilise les équipes aux bonnes pratiques de sécurité réseau.","Security Awareness Certification;CompTIA Security+"
"Network Administrator","IPv4 Management;Subnetting;Address Planning","Gère efficacement l’adressage IP et la segmentation réseau.","CCNA;CompTIA Network+"
"Network Administrator","Network Testing;Simulation;Validation","Teste les configurations réseau avant leur mise en production.","Cisco Lab Specialist;CCNA"
"Network Administrator","Data Center Networking;Spine Leaf;High Throughput","Administre les réseaux de centres de données à haute performance.","CCNP Data Center;Cisco Data Center Specialist"
"Network Administrator","Monitoring Dashboards;KPIs;Reporting","Met en place des tableaux de bord pour suivre la santé du réseau.","Network Monitoring Certificate;ITIL Foundation"
"Network Administrator","Security Patch Management;Updates;Risk Reduction","Applique les correctifs de sécurité réseau pour réduire les risques.","CompTIA Security+;CCNA"
"Network Administrator","Network Policy Enforcement;Compliance Tools","Implémente des outils pour appliquer automatiquement les politiques réseau.","Network Policy Certification;Cisco ISE"
"Database Administrator","MySQL;PostgreSQL;Backup;Recovery;SQL Tuning","Administre les bases de données relationnelles et garantit leur disponibilité.","Oracle DBA Certification;MySQL DBA"
"Database Administrator","Oracle Database;Performance Tuning;PL/SQL;Monitoring","Optimise les performances des bases Oracle et surveille leur stabilité.","Oracle Certified Professional DBA;ITIL Foundation"
"Database Administrator","SQL Server;High Availability;Failover;Clustering","Gère les bases SQL Server avec des solutions de haute disponibilité.","Microsoft SQL Server DBA;Azure Database Administrator"
"Database Administrator","Database Security;Access Control;Encryption;Auditing","Sécurise les données sensibles et contrôle les accès aux bases.","CompTIA Security+;Database Security Certificate"
"Database Administrator","Backup Automation;Recovery Planning;Disaster Recovery","Met en œuvre des stratégies de sauvegarde et de reprise après sinistre.","Oracle Backup Specialist;BCP Certification"
"Database Administrator","NoSQL;MongoDB;Cassandra;Scalability","Administre des bases NoSQL pour des applications à grande échelle.","MongoDB Certified DBA;NoSQL Specialist"
"Database Administrator","Data Modeling;Schema Design;Normalization","Conçoit des modèles de données adaptés aux besoins métier.","Data Modeling Certification;Oracle DBA"
"Database Administrator","Replication;Data Synchronization;High Availability","Met en place la réplication pour assurer la continuité des données.","MySQL Replication Specialist;Oracle DBA"
"Database Administrator","Cloud Databases;AWS RDS;Azure SQL;Migration","Gère la migration et l’exploitation des bases de données dans le cloud.","AWS Database Specialty;Azure Database Administrator"
"Database Administrator","Monitoring Tools;Query Optimization;Indexing","Analyse et améliore les requêtes pour des performances optimales.","SQL Performance Tuning Certificate;Oracle DBA"
"Database Administrator","Data Integrity;Constraints;Validation Rules","Garantit la cohérence et l’intégrité des données stockées.","Database Integrity Certification;MySQL DBA"
"Database Administrator","ETL Processes;Data Integration;Automation","Supervise les flux de données entre différents systèmes.","ETL Certification;Data Integration Specialist"
"Database Administrator","User Management;Roles;Privileges;Security","Gère les comptes utilisateurs et leurs droits d’accès.","Oracle Security Specialist;CompTIA Security+"
"Database Administrator","Database Upgrades;Patch Management;Testing","Planifie et exécute les mises à jour des moteurs de bases de données.","Oracle Upgrade Specialist;ITIL Foundation"
"Database Administrator","Storage Management;Tablespaces;Capacity Planning","Optimise l’utilisation du stockage et planifie la croissance.","Oracle Storage Management;Database Capacity Certificate"
"Database Administrator","Performance Monitoring;KPIs;Reporting","Met en place des indicateurs pour suivre la santé des bases.","Database Monitoring Certificate;Oracle DBA"
"Database Administrator","Data Archiving;Retention Policies;Compliance","Archive les données selon les exigences réglementaires.","Data Governance Certification;ISO 27001 Foundation"
"Database Administrator","Scripting;Shell;Python;Automation","Automatise les tâches administratives des bases de données.","Python for DBAs;Oracle DBA"
"Database Administrator","Database Auditing;Compliance;Risk Management","Réalise des audits réguliers pour réduire les risques.","ISO 27001 Foundation;Database Audit Certificate"
"Database Administrator","Cluster Management;RAC;High Availability","Administre des clusters de bases de données critiques.","Oracle RAC Certification;High Availability Specialist"
"Database Administrator","Data Migration;Legacy Systems;Modernization","Gère la migration de bases anciennes vers des plateformes modernes.","Database Migration Specialist;AWS Database Specialty"
"Database Administrator","Query Troubleshooting;Root Cause Analysis","Diagnostique et résout les problèmes de requêtes complexes.","SQL Troubleshooting Certificate;Oracle DBA"
"Database Administrator","Backup Validation;Restore Testing;Reliability","Teste régulièrement les restaurations pour garantir la fiabilité.","Disaster Recovery Certification;Oracle DBA"
"Database Administrator","Database Documentation;Standards;Best Practices","Maintient une documentation claire des environnements de données.","ITIL Foundation;Database Documentation Certificate"
"Database Administrator","Data Quality;Validation;Cleansing","Améliore la qualité des données stockées.","Data Quality Certification;Oracle DBA"
"Database Administrator","Performance Benchmarking;Optimization","Compare et améliore les performances des bases.","Performance Benchmark Certificate;SQL Server DBA"
"Database Administrator","Database Virtualization;VMware;Containers","Administre des bases virtualisées et conteneurisées.","VMware Certification;Docker for DBAs"
"Database Administrator","Access Monitoring;Logs;Security Alerts","Surveille les accès suspects aux bases de données.","Database Security Analyst;CompTIA Security+"
"Database Administrator","Automation Tools;Ansible;Infrastructure as Code","Automatise le déploiement des bases de données.","Ansible Certification;Cloud DBA"
"Database Administrator","Data Warehouse;OLAP;Reporting","Gère les entrepôts de données pour l’analyse décisionnelle.","Data Warehouse Certification;Oracle BI"
"Database Administrator","Change Management;Release Planning","Coordonne les changements en production des bases.","ITIL Change Management;Database Release Certificate"
"Database Administrator","Cloud Cost Optimization;Resource Management","Optimise les coûts des bases de données cloud.","AWS Cost Management;Azure Database Administrator"
"Database Administrator","Monitoring Dashboards;Alerts;Analytics","Crée des tableaux de bord pour la supervision des bases.","Database Monitoring Specialist;Oracle DBA"
"Database Administrator","Compliance Audits;GDPR;Data Protection","Assure la conformité des données aux réglementations.","GDPR Foundation;ISO 27001"
"Database Administrator","Replication Monitoring;Latency Analysis","Surveille la latence des systèmes répliqués.","Replication Specialist;MySQL DBA"
"Database Administrator","Database Performance Reviews;Optimization Plans","Propose des plans d’amélioration continue.","Performance Optimization Certificate;SQL Server DBA"
"Database Administrator","Incident Response;Database Recovery","Intervient rapidement en cas d’incident critique.","ITIL Incident Management;Oracle DBA"
"Database Administrator","Data Governance;Policies;Standards","Met en place des politiques de gouvernance des données.","Data Governance Professional;ISO 27001"
"Database Administrator","Scalability Planning;Load Forecasting","Planifie l’évolution des bases selon la charge future.","Capacity Planning Certificate;Cloud DBA"
"Database Administrator","Database Testing;Pre-Production Validation","Valide les environnements avant mise en production.","Database Testing Specialist;Oracle DBA"
"Database Administrator","Cross-Platform Databases;Heterogeneous Systems","Gère des environnements multi-technologies.","Multi-DBA Certification;Cloud Database Specialist"
"Security Engineer","Network Security;Firewall;IDS;IPS;Threat Prevention","Conçoit et met en œuvre des solutions de sécurité pour protéger l’infrastructure.","CompTIA Security+;CISSP"
"Security Engineer","Endpoint Security;Antivirus;EDR;Incident Response","Protège les postes de travail contre les menaces avancées.","CEH;CompTIA Security+"
"Security Engineer","Cloud Security;AWS Security;IAM;Encryption","Sécurise les environnements cloud et les accès utilisateurs.","AWS Security Specialty;CISSP"
"Security Engineer","Application Security;Secure Coding;OWASP;Testing","Travaille avec les développeurs pour renforcer la sécurité applicative.","CSSLP;CEH"
"Security Engineer","SIEM;Log Analysis;Threat Detection","Analyse les journaux de sécurité pour détecter les incidents.","Splunk Security Certification;CISSP"
"Security Engineer","Vulnerability Management;Scanning;Remediation","Identifie et corrige les vulnérabilités systèmes.","CEH;CompTIA Security+"
"Security Engineer","Identity Management;SSO;MFA;Access Control","Met en place des solutions de gestion des identités.","CISSP;Identity Management Certificate"
"Security Engineer","Security Architecture;Design;Best Practices","Conçoit des architectures sécurisées adaptées aux besoins métier.","CISSP;SABSA Foundation"
"Security Engineer","Incident Response;Forensics;Root Cause Analysis","Intervient lors des incidents de sécurité et mène des analyses forensiques.","GCFA;CEH"
"Security Engineer","Encryption;PKI;Key Management","Gère les mécanismes de chiffrement et certificats.","Encryption Specialist;CISSP"
"Security Engineer","Security Automation;SOAR;Scripting","Automatise les réponses aux incidents de sécurité.","Security Automation Certificate;CEH"
"Security Engineer","Compliance;ISO 27001;Risk Management","Assure la conformité aux normes de sécurité.","ISO 27001 Lead Implementer;CISSP"
"Security Engineer","Penetration Testing;Ethical Hacking;Reporting","Réalise des tests d’intrusion pour évaluer la sécurité.","CEH;OSCP"
"Security Engineer","Network Segmentation;Zero Trust;Policies","Met en œuvre des stratégies Zero Trust.","Zero Trust Certification;CISSP"
"Security Engineer","Security Monitoring;Alerts;Dashboards","Supervise en continu l’état de la sécurité.","SIEM Analyst Certificate;CompTIA Security+"
"Security Engineer","Risk Assessment;Threat Modeling;Mitigation","Analyse les risques et définit des plans de mitigation.","Risk Management Professional;CISSP"
"Security Engineer","Security Awareness;Training;Policies","Sensibilise les équipes aux bonnes pratiques.","Security Awareness Certification;ISO 27001"
"Security Engineer","DevSecOps;CI/CD Security;Automation","Intègre la sécurité dans les pipelines DevOps.","DevSecOps Foundation;CEH"
"Security Engineer","API Security;OAuth;Token Management","Protège les API contre les accès non autorisés.","API Security Specialist;CISSP"
"Security Engineer","Data Loss Prevention;Policies;Monitoring","Empêche les fuites de données sensibles.","DLP Certification;CompTIA Security+"
"Security Engineer","Firewall Optimization;Rule Review;Auditing","Optimise les règles de pare-feu.","Firewall Specialist;CISSP"
"Security Engineer","Mobile Security;MDM;Policy Enforcement","Sécurise les appareils mobiles d’entreprise.","Mobile Security Certification;CEH"
"Security Engineer","Security Testing;Red Team;Blue Team","Participe aux exercices Red Team et Blue Team.","OSCP;CISSP"
"Security Engineer","Cloud Compliance;Security Audits","Réalise des audits de sécurité cloud.","AWS Security Specialty;ISO 27001"
"Security Engineer","Threat Intelligence;Analysis;Reporting","Analyse les menaces émergentes.","Threat Intelligence Certificate;CISSP"
"Security Engineer","Secure Configuration;Hardening;Baselines","Renforce les configurations systèmes.","System Hardening Certification;CompTIA Security+"
"Security Engineer","IoT Security;Device Protection;Policies","Sécurise les dispositifs connectés.","IoT Security Specialist;CEH"
"Security Engineer","Security Documentation;Standards;Procedures","Maintient les procédures de sécurité.","ISO 27001 Foundation;CISSP"
"Security Engineer","Compliance Reporting;Audits;Metrics","Produit des rapports de conformité sécurité.","Compliance Management Certificate;CISSP"
"Security Engineer","Access Reviews;Privilege Management","Contrôle régulièrement les privilèges utilisateurs.","PAM Certification;CISSP"
"Security Engineer","Security Patch Management;Updates","Gère les correctifs de sécurité.","Patch Management Specialist;CompTIA Security+"
"Security Engineer","Threat Hunting;Advanced Analysis","Recherche proactivement des menaces cachées.","Threat Hunting Certification;GCIA"
"Security Engineer","Security Metrics;KPIs;Dashboards","Définit des indicateurs de performance sécurité.","Security Metrics Certificate;CISSP"
"Security Engineer","Network Traffic Analysis;Anomaly Detection","Analyse le trafic pour détecter des anomalies.","Network Forensics Certification;CEH"
"Security Engineer","Compliance Training;Policy Enforcement","Forme les équipes aux exigences réglementaires.","ISO 27001 Lead Auditor;CISSP"
"Security Engineer","Cloud IAM;Least Privilege;Policies","Applique le principe du moindre privilège.","AWS IAM Certification;CISSP"
"Security Engineer","Security Tool Integration;SIEM;SOAR","Intègre différents outils de sécurité.","Security Integration Specialist;CEH"
"Security Engineer","Business Continuity;Security Planning","Participe aux plans de continuité d’activité.","BCP Certification;CISSP"
"Security Engineer","Advanced Persistent Threats;Detection","Détecte et analyse les APT.","APT Analysis Certificate;CEH"
"Security Engineer","Security Reviews;Architecture Validation","Valide la sécurité des nouvelles architectures.","Security Architecture Certification;CISSP"
"Security Engineer","Data Protection;Privacy;Compliance","Protège les données personnelles.","GDPR Foundation;CISSP"
"Security Engineer","Security Reporting;Executive Communication","Communique l’état de la sécurité aux décideurs.","Security Management Certificate;CISSP"
"Cybersecurity Analyst","Threat Analysis;SIEM;Log Correlation","Analyse les alertes de sécurité et identifie les incidents potentiels.","CompTIA Security+;CISSP"
"Cybersecurity Analyst","Incident Detection;Monitoring;Response","Surveille les systèmes pour détecter les menaces.","CEH;CompTIA Security+"
"Cybersecurity Analyst","Vulnerability Assessment;Scanning;Reporting","Identifie les vulnérabilités et produit des rapports.","CEH;Vulnerability Management Certificate"
"Cybersecurity Analyst","Malware Analysis;Sandboxing;Reverse Engineering","Analyse les logiciels malveillants.","Malware Analyst Certification;GCIA"
"Cybersecurity Analyst","Threat Intelligence;OSINT;Analysis","Collecte et analyse des informations sur les menaces.","Threat Intelligence Certificate;CISSP"
"Cybersecurity Analyst","Security Monitoring;Alerts;Dashboards","Supervise les alertes de sécurité en temps réel.","SIEM Analyst Certificate;CompTIA Security+"
"Cybersecurity Analyst","Network Traffic Analysis;Anomaly Detection","Analyse le trafic réseau pour repérer les anomalies.","Network Security Analyst;CEH"
"Cybersecurity Analyst","Endpoint Monitoring;EDR;Incident Triage","Analyse les événements de sécurité sur les postes.","EDR Specialist;CompTIA Security+"
"Cybersecurity Analyst","Forensics;Log Preservation;Investigation","Participe aux investigations numériques.","GCFA;CEH"
"Cybersecurity Analyst","Phishing Analysis;Email Security;Awareness","Analyse les campagnes de phishing.","Email Security Specialist;CompTIA Security+"
"Cybersecurity Analyst","Cloud Security Monitoring;AWS;Azure","Surveille les environnements cloud.","AWS Security Specialty;CISSP"
"Cybersecurity Analyst","Risk Assessment;Threat Modeling","Évalue les risques de sécurité.","Risk Management Certificate;CISSP"
"Cybersecurity Analyst","SOC Operations;Shift Monitoring;Reporting","Travaille au sein d’un SOC pour gérer les incidents.","SOC Analyst Level 1;CompTIA Security+"
"Cybersecurity Analyst","Security Automation;Scripting;SOAR","Automatise les tâches d’analyse.","Security Automation Certificate;CEH"
"Cybersecurity Analyst","Compliance Monitoring;ISO 27001;Policies","Vérifie la conformité aux normes.","ISO 27001 Foundation;CISSP"
"Cybersecurity Analyst","Log Management;Correlation Rules;Tuning","Optimise les règles de corrélation SIEM.","SIEM Tuning Certificate;CompTIA Security+"
"Cybersecurity Analyst","Incident Reporting;Documentation;Metrics","Rédige des rapports détaillés d’incidents.","Incident Management Certificate;ITIL Foundation"
"Cybersecurity Analyst","Threat Hunting;Proactive Analysis","Recherche activement des menaces.","Threat Hunting Certification;GCIA"
"Cybersecurity Analyst","Web Security;WAF;Attack Detection","Analyse les attaques web.","Web Security Specialist;CEH"
"Cybersecurity Analyst","Data Breach Analysis;Impact Assessment","Analyse l’impact des violations de données.","Data Breach Analyst;CISSP"
"Cybersecurity Analyst","Security Awareness Support;User Guidance","Assiste les utilisateurs face aux incidents.","Security Awareness Certificate;CompTIA Security+"
"Cybersecurity Analyst","Network Forensics;Packet Analysis","Analyse les paquets réseau lors d’incidents.","Network Forensics Certification;GCIA"
"Cybersecurity Analyst","Endpoint Forensics;Disk Memory Analysis","Analyse les systèmes compromis.","Forensic Analyst Certificate;CEH"
"Cybersecurity Analyst","Cloud Log Analysis;IAM Events","Analyse les journaux cloud.","Cloud Security Analyst;AWS Security Specialty"
"Cybersecurity Analyst","Threat Reporting;Executive Summaries","Présente les résultats aux responsables.","Security Reporting Certificate;CISSP"
"Cybersecurity Analyst","SOC Tool Management;SIEM;EDR","Gère les outils du SOC.","SOC Tool Specialist;CompTIA Security+"
"Cybersecurity Analyst","Attack Pattern Analysis;MITRE ATT&CK","Cartographie les attaques selon MITRE.","MITRE ATT&CK Analyst;CEH"
"Cybersecurity Analyst","Incident Escalation;Coordination","Coordonne avec les équipes sécurité.","Incident Coordination Certificate;ITIL Foundation"
"Cybersecurity Analyst","Security Metrics;KPIs;Dashboards","Suit les indicateurs de sécurité.","Security Metrics Certificate;CISSP"
"Cybersecurity Analyst","Malware Triage;Initial Analysis","Effectue une première analyse des malwares.","Malware Analysis Level 1;CEH"
"Cybersecurity Analyst","Threat Detection Rules;Optimization","Améliore les règles de détection.","Detection Engineering Certificate;CISSP"
"Cybersecurity Analyst","Security Compliance Audits;Evidence Collection","Prépare les audits de sécurité.","ISO 27001 Auditor;CISSP"
"Cybersecurity Analyst","SOC Documentation;Procedures;Playbooks","Maintient les procédures du SOC.","SOC Documentation Certificate;CompTIA Security+"
"Cybersecurity Analyst","Cloud Threat Detection;Monitoring","Détecte les menaces spécifiques au cloud.","Cloud Threat Analyst;AWS Security Specialty"
"Cybersecurity Analyst","Endpoint Threat Analysis;Behavior Monitoring","Analyse les comportements suspects.","Endpoint Analyst Certification;CEH"
"Cybersecurity Analyst","Security Incident Simulation;Tabletop Exercises","Participe aux exercices de simulation.","Incident Simulation Certificate;CISSP"
"Cybersecurity Analyst","Threat Data Analysis;Trends;Forecasting","Analyse les tendances des menaces.","Threat Analytics Certificate;CISSP"
"Cybersecurity Analyst","Security Tool Integration;Data Correlation","Intègre différentes sources de sécurité.","Security Integration Specialist;CEH"
"Cybersecurity Analyst","Operational Reporting;Daily SOC Reports","Produit des rapports opérationnels quotidiens.","SOC Reporting Certificate;CompTIA Security+"
"Cybersecurity Analyst","Advanced Log Analysis;Correlation Patterns","Analyse avancée des journaux.","Advanced SIEM Analyst;CISSP"
"Cybersecurity Analyst","Cyber Incident Support;Cross-Team Collaboration","Collabore avec les équipes IT.","Incident Support Certificate;ITIL Foundation"
"Cybersecurity Analyst","Threat Intelligence Sharing;Platforms","Partage les informations de menaces.","Threat Sharing Certificate;CISSP"
"Cybersecurity Analyst","Security Event Triage;Prioritization","Priorise les événements de sécurité.","Event Triage Certificate;CompTIA Security+"
"Cybersecurity Analyst","Continuous Monitoring;Alert Optimization","Optimise la surveillance continue.","Continuous Monitoring Certificate;CISSP"
"Product Manager","Roadmapping;Market Research;Stakeholder Management;Agile;Jira;Product Strategy","Développe la stratégie produit et coordonne les équipes pour atteindre les objectifs business.","Certified Scrum Product Owner (CSPO);Pragmatic Institute Certified Product Manager"
"Product Manager","Agile;Jira;Market Analysis;User Research;Roadmapping;KPIs","Supervise le cycle de vie du produit et assure la satisfaction des utilisateurs.","Certified Scrum Product Owner (CSPO);AIPMM Certified Product Manager"
"Product Manager","Roadmapping;Stakeholder Management;Agile;User Stories;Product Backlog","Gère le développement produit en alignement avec les besoins des clients et du marché.","Pragmatic Institute Certified Product Manager"
"Product Manager","Market Research;Jira;Agile;Product Strategy;KPIs;User Research","Analyse le marché et définit les priorités produit pour maximiser la valeur business.","Certified Scrum Product Owner (CSPO)"
"Product Manager","Agile;Roadmapping;User Stories;Stakeholder Management;KPIs","Coordonne les équipes produit et suit les indicateurs clés pour le succès du produit.","AIPMM Certified Product Manager"
"Product Manager","Product Strategy;Agile;Market Analysis;Jira;User Research;Roadmapping","Développe et ajuste la stratégie produit selon les retours utilisateurs et KPIs.","Certified Scrum Product Owner (CSPO)"
"Product Manager","Roadmapping;Stakeholder Management;Agile;User Research;Product Backlog","Supervise la conception et l’implémentation de nouvelles fonctionnalités produit.","Pragmatic Institute Certified Product Manager"
"Product Manager","Market Research;Jira;Agile;KPIs;User Stories;Product Strategy","Analyse les besoins du marché et planifie le développement produit.","Certified Scrum Product Owner (CSPO)"
"Product Manager","Agile;Roadmapping;Stakeholder Management;Product Backlog;User Research","Gère les priorités produit et coordonne les équipes pour atteindre les objectifs.","AIPMM Certified Product Manager"
"Product Manager","Product Strategy;Market Analysis;Jira;Agile;KPIs;User Stories","Définit la feuille de route produit et supervise le développement agile.","Certified Scrum Product Owner (CSPO)"
"Project Manager","Project Planning;Budget Management;Risk Management;Agile;MS Project;Stakeholder Communication","Planifie, exécute et clôture des projets en respectant les délais et budgets.","Project Management Professional (PMP);Certified Associate in Project Management (CAPM)"
"Project Manager","Agile;Project Scheduling;Resource Management;Risk Analysis;MS Project;Communication","Supervise les projets et coordonne les équipes pour atteindre les objectifs fixés.","PMP;PRINCE2 Foundation"
"Project Manager","Project Planning;Risk Management;Agile;Stakeholder Communication;Budgeting","Gère le cycle complet du projet et assure la réussite des livrables.","PMP;CAPM"
"Project Manager","MS Project;Agile;Project Scheduling;Risk Management;Resource Planning","Planifie et suit les projets pour respecter délais, coûts et qualité.","PRINCE2 Foundation;PMP"
"Project Manager","Agile;Budget Management;Stakeholder Communication;Risk Analysis;Project Planning","Supervise les projets complexes et coordonne les parties prenantes.","Project Management Professional (PMP)"
"Project Manager","Project Scheduling;Resource Management;Agile;MS Project;Risk Management","Assure la bonne exécution des projets en respectant les contraintes et priorités.","CAPM;PRINCE2 Foundation"
"Project Manager","Agile;Project Planning;Budgeting;Stakeholder Management;MS Project","Planifie et coordonne les projets pour garantir la livraison dans les délais.","PMP"
"Project Manager","Project Scheduling;Resource Planning;Risk Management;Agile;Communication","Supervise l’avancement des projets et gère les risques.","CAPM"
"Project Manager","MS Project;Agile;Budget Management;Stakeholder Communication;Project Planning","Gère les ressources, budgets et risques pour atteindre les objectifs projet.","Project Management Professional (PMP)"
"Project Manager","Agile;Project Scheduling;Risk Analysis;Stakeholder Management;MS Project","Planifie, coordonne et contrôle les projets selon les standards PMP.","PRINCE2 Foundation"
"Technical Project Manager","Agile;Jira;Technical Architecture;Stakeholder Management;Risk Management;Budgeting","Coordonne des projets techniques complexes en garantissant la livraison selon les spécifications.","PMP;Certified Scrum Professional (CSP)"
"Technical Project Manager","Agile;Project Scheduling;Technical Stack Understanding;MS Project;Stakeholder Communication","Supervise des projets techniques et coordonne les équipes de développement.","CSP;PMP"
"Technical Project Manager","Technical Architecture;Risk Management;Agile;Budget Management;Stakeholder Management","Planifie et gère les projets techniques pour garantir la qualité et le respect des délais.","Certified Scrum Professional;PMP"
"Technical Project Manager","Agile;Jira;Project Planning;Technical Oversight;Risk Analysis","Assure le succès des projets techniques avec suivi des risques et coordination des équipes.","PMP;CSP"
"Technical Project Manager","Technical Stack Knowledge;Agile;Budgeting;Stakeholder Management;Project Scheduling","Gère les projets techniques de bout en bout en respectant les contraintes.","Certified Scrum Professional"
"Technical Project Manager","Agile;Jira;Technical Architecture;Risk Management;MS Project","Supervise le développement technique et la livraison des projets.","PMP;CSP"
"Technical Project Manager","Project Planning;Technical Oversight;Agile;Stakeholder Communication;Budget Management","Coordonne les équipes techniques et gère les priorités et risques.","PMP;Certified Scrum Professional"
"Technical Project Manager","Technical Stack Understanding;Agile;Risk Analysis;Project Scheduling;Stakeholder Management","Assure la livraison des projets techniques selon les standards de qualité.","CSP;PMP"
"Technical Project Manager","Agile;Jira;Technical Architecture;Budgeting;Stakeholder Management","Planifie et suit les projets techniques complexes.","PMP"
"Technical Project Manager","Technical Oversight;Agile;Project Scheduling;Risk Management;MS Project","Coordonne les projets techniques et optimise les ressources et délais.","Certified Scrum Professional;PMP"
"Scrum Master","Scrum;Agile;Facilitation;Jira;Team Coaching;Sprint Planning","Guide les équipes dans la mise en œuvre de Scrum et l’atteinte des objectifs de sprint.","Certified ScrumMaster (CSM);Professional Scrum Master (PSM)"
"Scrum Master","Agile;Scrum;Team Facilitation;Retrospectives;Jira;Continuous Improvement","Assure la bonne application des pratiques Scrum et améliore la performance des équipes.","CSM;PSM"
"Scrum Master","Scrum;Agile;Coaching;Sprint Planning;Jira;Backlog Refinement","Supervise l’avancement des sprints et facilite la collaboration des équipes.","Professional Scrum Master;Certified ScrumMaster"
"Scrum Master","Agile;Scrum;Team Coaching;Facilitation;Retrospectives;Jira","Optimise le fonctionnement de l’équipe et l’application des pratiques Scrum.","CSM;PSM"
"Scrum Master","Scrum;Agile;Facilitation;Team Coaching;Jira;Sprint Planning","Guide les équipes dans les cérémonies Scrum et les pratiques agiles.","Professional Scrum Master"
"Scrum Master","Agile;Scrum;Coaching;Backlog Refinement;Sprint Planning;Team Facilitation","Assure la productivité et l’amélioration continue des équipes Scrum.","Certified ScrumMaster (CSM)"
"Scrum Master","Scrum;Facilitation;Agile;Team Coaching;Retrospectives;Jira","Coordonne les sprints et accompagne l’équipe dans l’adoption de Scrum.","Professional Scrum Master (PSM)"
"Scrum Master","Agile;Scrum;Team Facilitation;Sprint Planning;Jira;Continuous Improvement","Gère les cérémonies Scrum et favorise l’amélioration continue.","CSM"
"Scrum Master","Scrum;Agile;Coaching;Facilitation;Backlog Refinement;Jira","Optimise les pratiques Scrum et accompagne l’équipe vers la performance.","Professional Scrum Master"
"Scrum Master","Agile;Scrum;Team Coaching;Sprint Planning;Jira;Retrospectives","Facilite les sprints et assure le respect des pratiques agiles.","Certified ScrumMaster (CSM)"
"Web Designer","HTML;CSS;Responsive Design;UI Design;Wireframing;Figma","Conçoit des interfaces web modernes et responsives adaptées aux besoins des utilisateurs.","Adobe Certified Professional;UX Design Certificate"
"Web Designer","UX/UI Design;Adobe XD;Prototyping;User Research","Crée des maquettes interactives en mettant l’accent sur l’expérience utilisateur.","UX Design Certificate;Adobe XD Certification"
"Web Designer","JavaScript Basics;CSS Animations;Web Accessibility;SEO","Améliore l’ergonomie et l’accessibilité des sites web.","Web Accessibility Certification;SEO Fundamentals"
"Web Designer","Design Systems;Style Guides;Consistency;Branding","Développe des systèmes de design cohérents pour les produits digitaux.","Design Systems Certificate;UX Professional"
"Web Designer","Mobile First Design;Responsive Layouts;Testing","Optimise les interfaces pour les appareils mobiles et tablettes.","Mobile UX Certification;Google UX Certificate"
"Web Designer","CMS Design;WordPress;Theme Customization","Personnalise des thèmes WordPress selon l’identité visuelle du client.","WordPress Designer Certification;Adobe Certified Professional"
"Web Designer","Landing Page Design;Conversion Optimization;A/B Testing","Conçoit des pages optimisées pour augmenter les taux de conversion.","CRO Certification;UX Design Certificate"
"Web Designer","Typography;Color Theory;Visual Hierarchy","Travaille la typographie et les couleurs pour améliorer la lisibilité.","Graphic Design Fundamentals;Adobe Typography Certificate"
"Web Designer","UI Kits;Component Libraries;Figma","Crée des bibliothèques de composants réutilisables.","Figma Professional Certification;UX Certificate"
"Web Designer","Web Performance;Image Optimization;Best Practices","Optimise les ressources graphiques pour améliorer la performance web.","Web Performance Certificate;Google UX Certificate"
"Web Designer","Accessibility WCAG;Inclusive Design","Applique les normes WCAG pour des sites accessibles à tous.","WCAG Accessibility Certification;UX Professional"
"Web Designer","Interaction Design;Microinteractions;Prototyping","Ajoute des micro-interactions pour enrichir l’expérience utilisateur.","Interaction Design Certificate;Adobe XD Certification"
"Web Designer","E-commerce Design;UX Flows;Checkout Optimization","Conçoit des interfaces e-commerce centrées sur l’utilisateur.","E-commerce UX Certification;Google UX"
"Web Designer","Design Review;User Feedback;Iteration","Améliore les designs à partir des retours utilisateurs.","UX Research Certificate;Design Thinking"
"Web Designer","SEO Friendly Design;Content Layout","Structure les pages pour favoriser le référencement naturel.","SEO Design Certification;Web Design Professional"
"Web Designer","Web Animation;CSS3;SVG","Intègre des animations légères pour dynamiser les pages.","CSS Animation Certificate;Web Design Pro"
"Web Designer","Brand Integration;Visual Identity;Web Guidelines","Assure la cohérence entre la marque et le design web.","Brand Design Certification;Adobe Professional"
"Web Designer","Dashboard Design;Data Visualization;UX","Conçoit des tableaux de bord clairs et lisibles.","Data Visualization Certificate;UX Design"
"Web Designer","Cross-Browser Testing;Compatibility","Teste les interfaces sur différents navigateurs.","Web Testing Certificate;UX Professional"
"Web Designer","Design Collaboration;Agile;Sprint Design","Travaille avec les équipes Agile sur des cycles courts.","Agile UX Certification;Scrum Fundamentals"
"Web Designer","Content Strategy;Layout Planning","Structure le contenu pour une meilleure compréhension.","Content Design Certificate;UX Professional"
"Web Designer","Wireframing;Low Fidelity Prototypes","Crée des wireframes pour valider les concepts.","Wireframing Certificate;UX Design"
"Web Designer","High Fidelity Mockups;Visual Polish","Produit des maquettes détaillées prêtes pour l’intégration.","Adobe Certified Professional;Figma Certification"
"Web Designer","User Journey Mapping;Experience Design","Analyse les parcours utilisateurs pour améliorer l’expérience.","Journey Mapping Certificate;UX Pro"
"Web Designer","Design QA;Consistency Checks","Vérifie la cohérence visuelle avant mise en ligne.","Design QA Certificate;Web Design Pro"
"Web Designer","Web Redesign;Modernization","Refond des sites existants avec des standards modernes.","Web Redesign Certification;UX Design"
"Web Designer","Usability Testing;User Interviews","Teste l’utilisabilité auprès d’utilisateurs réels.","Usability Testing Certificate;UX Research"
"Web Designer","Icon Design;SVG Assets","Crée des icônes adaptées au web.","Icon Design Certificate;Graphic Design Pro"
"Web Designer","Accessibility Testing;Screen Readers","Teste les sites avec des outils d’accessibilité.","Accessibility Tester Certification;WCAG"
"Web Designer","Design Documentation;Handoff;Specs","Prépare les documents pour les développeurs.","UX Documentation Certificate;Figma Pro"
"Web Designer","Design Trends;Benchmarking","Analyse les tendances pour proposer des designs innovants.","Digital Design Trends Certificate;UX Pro"
"Web Designer","Multilingual Design;Localization","Adapte les interfaces pour plusieurs langues.","Localization UX Certificate;Web Design Pro"
"Web Designer","Web Style Guides;Governance","Maintient les guides de style web.","Design Governance Certificate;UX Professional"
"Web Designer","User-Centered Design;Empathy","Place les besoins utilisateurs au cœur du design.","Human-Centered Design Certificate;UX Pro"
"Web Designer","Component-Based Design;Atomic Design","Utilise des principes de design atomique.","Atomic Design Certificate;Design Systems Pro"
"Web Designer","Design Metrics;UX KPIs","Suit des indicateurs de performance UX.","UX Metrics Certificate;UX Professional"
"Web Designer","Web Prototyping;Interactive Flows","Crée des prototypes interactifs réalistes.","Prototyping Certificate;Adobe XD"
"Web Designer","Design Feedback;Stakeholder Reviews","Présente les designs aux parties prenantes.","Design Communication Certificate;UX Pro"
"Web Designer","Web Accessibility Audits;Compliance","Réalise des audits d’accessibilité web.","Accessibility Auditor Certification;WCAG"
"Web Designer","Creative Problem Solving;Ideation","Résout des problèmes UX par la créativité.","Design Thinking Certificate;IDEO"
"Graphic Designer","Adobe Photoshop;Illustrator;InDesign;Visual Design","Crée des supports graphiques pour le print et le digital.","Adobe Certified Professional;Graphic Design Certificate"
"Graphic Designer","Branding;Logo Design;Visual Identity","Développe des identités visuelles cohérentes.","Brand Design Certification;Adobe Illustrator"
"Graphic Designer","Typography;Layout Design;Print Design","Conçoit des mises en page imprimées professionnelles.","Print Design Certificate;Adobe InDesign"
"Graphic Designer","Color Theory;Composition;Creativity","Utilise la couleur et la composition pour des visuels impactants.","Graphic Design Fundamentals;Color Theory Certificate"
"Graphic Designer","Digital Graphics;Social Media Design","Crée des visuels adaptés aux réseaux sociaux.","Social Media Design Certificate;Adobe Photoshop"
"Graphic Designer","Illustration;Vector Art;Creative Tools","Réalise des illustrations originales.","Illustration Certification;Adobe Illustrator"
"Graphic Designer","Marketing Design;Campaign Visuals","Conçoit des visuels pour des campagnes marketing.","Marketing Design Certificate;Graphic Design Pro"
"Graphic Designer","Packaging Design;Product Branding","Crée des designs d’emballage attractifs.","Packaging Design Certification;Brand Design Pro"
"Graphic Designer","Photo Retouching;Image Editing","Optimise et retouche des images professionnelles.","Photo Editing Certificate;Adobe Photoshop"
"Graphic Designer","Infographic Design;Data Visualization","Transforme des données en visuels clairs.","Infographic Design Certificate;Data Visualization Pro"
"Graphic Designer","Creative Concepts;Brainstorming","Développe des concepts visuels innovants.","Creative Thinking Certificate;Design Thinking"
"Graphic Designer","Print Production;Prepress;Proofing","Prépare les fichiers pour l’impression.","Print Production Certificate;Adobe InDesign"
"Graphic Designer","Motion Graphics Basics;Visual Storytelling","Intègre des éléments animés simples.","Motion Design Fundamentals;After Effects Intro"
"Graphic Designer","Brand Guidelines;Consistency","Respecte et applique les chartes graphiques.","Brand Governance Certificate;Graphic Design Pro"
"Graphic Designer","Poster Design;Large Format Print","Conçoit des affiches percutantes.","Poster Design Certificate;Visual Communication"
"Graphic Designer","Iconography;Symbol Design","Crée des icônes claires et reconnaissables.","Icon Design Certificate;Illustrator Pro"
"Graphic Designer","Editorial Design;Magazines;Brochures","Réalise des supports éditoriaux.","Editorial Design Certificate;Adobe InDesign"
"Graphic Designer","Creative Software;Design Tools","Maîtrise les outils graphiques professionnels.","Adobe Certified Professional;Design Tools Certificate"
"Graphic Designer","Visual Storytelling;Concept Art","Raconte une histoire à travers l’image.","Visual Storytelling Certificate;Creative Design"
"Graphic Designer","Design Trends;Visual Research","Analyse les tendances graphiques.","Design Trends Certificate;Graphic Design Pro"
"Graphic Designer","Layout Optimization;Grid Systems","Utilise des grilles pour structurer le design.","Grid Design Certificate;Graphic Layout Pro"
"Graphic Designer","Advertising Design;Campaign Assets","Crée des visuels publicitaires.","Advertising Design Certificate;Marketing Visuals"
"Graphic Designer","Presentation Design;Slides;Visual Clarity","Conçoit des présentations professionnelles.","Presentation Design Certificate;Visual Communication"
"Graphic Designer","Creative Review;Feedback Integration","Améliore les visuels selon les retours.","Design Review Certificate;Creative Pro"
"Graphic Designer","Asset Management;File Organization","Gère les bibliothèques graphiques.","Design Asset Management Certificate;Creative Tools"
"Graphic Designer","Illustrated Branding;Custom Graphics","Crée des visuels personnalisés pour les marques.","Custom Illustration Certificate;Brand Design"
"Graphic Designer","Print & Digital Consistency","Assure la cohérence entre supports.","Cross-Media Design Certificate;Graphic Design Pro"
"Graphic Designer","Concept Sketching;Ideation","Esquisse des idées créatives.","Sketching Certificate;Design Thinking"
"Graphic Designer","Creative Direction Support;Execution","Exécute les directives créatives.","Creative Execution Certificate;Design Pro"
"Graphic Designer","Image Optimization;Web Graphics","Optimise les images pour le web.","Web Graphics Certificate;Adobe Photoshop"
"Graphic Designer","Design Documentation;Specifications","Prépare les fichiers finaux documentés.","Design Documentation Certificate;Graphic Design Pro"
"Graphic Designer","Typography Pairing;Readability","Travaille les associations typographiques.","Typography Certificate;Graphic Design"
"Graphic Designer","Visual QA;Quality Control","Vérifie la qualité visuelle finale.","Design QA Certificate;Creative Pro"
"Graphic Designer","Creative Collaboration;Team Projects","Travaille en collaboration avec d’autres créatifs.","Creative Collaboration Certificate;Design Pro"
"Graphic Designer","Visual Branding Audits;Evaluation","Évalue la cohérence visuelle des marques.","Brand Audit Certificate;Graphic Design Pro"
"Graphic Designer","Concept Presentation;Client Pitch","Présente les concepts aux clients.","Design Presentation Certificate;Creative Pro"
"Graphic Designer","Rebranding Projects;Visual Renewal","Participe à des projets de rebranding.","Rebranding Certificate;Brand Design Pro"
"Graphic Designer","Creative Problem Solving;Visual Solutions","Résout des problèmes par le design visuel.","Creative Problem Solving Certificate;Design Thinking"
"Art Director","Creative Direction;Concept Development;Leadership","Dirige la vision créative des projets.","Art Direction Certificate;Creative Leadership"
"Art Director","Brand Strategy;Visual Identity;Guidelines","Supervise la cohérence visuelle des marques.","Brand Strategy Certification;Creative Director Pro"
"Art Director","Team Management;Mentoring;Collaboration","Encadre et motive les équipes créatives.","Leadership in Design Certificate;Management Pro"
"Art Director","Campaign Direction;Advertising Concepts","Dirige les campagnes publicitaires.","Advertising Creative Director;Brand Design"
"Art Director","Visual Storytelling;Narrative Design","Définit la narration visuelle des projets.","Visual Storytelling Certificate;Creative Direction"
"Art Director","Design Review;Quality Assurance","Valide la qualité des livrables créatifs.","Design QA Leadership Certificate;Creative Pro"
"Art Director","Creative Briefing;Client Communication","Traduit les besoins clients en concepts.","Creative Briefing Certificate;Communication Pro"
"Art Director","Multi-Channel Design;Consistency","Assure la cohérence sur tous les canaux.","Cross-Channel Design Certificate;Brand Strategy"
"Art Director","Concept Pitching;Presentation Skills","Présente les idées aux décideurs.","Creative Presentation Certificate;Leadership Pro"
"Art Director","Trend Analysis;Creative Research","Anticipe les tendances créatives.","Creative Trends Certificate;Art Direction Pro"
"Art Director","Visual Innovation;Experimental Design","Explore des concepts visuels innovants.","Innovation in Design Certificate;Creative Pro"
"Art Director","Budget Oversight;Resource Planning","Gère les ressources créatives.","Creative Project Management;PMP Fundamentals"
"Art Director","Cross-Functional Collaboration;Marketing Alignment","Collabore avec le marketing et le produit.","Creative Collaboration Leadership;Brand Strategy"
"Art Director","Brand Audits;Visual Evaluation","Analyse la performance visuelle des marques.","Brand Audit Certificate;Art Direction Pro"
"Art Director","Concept Validation;User Feedback","Valide les concepts par des tests utilisateurs.","Design Validation Certificate;UX Leadership"
"Art Director","Creative Standards;Governance","Définit les standards créatifs.","Design Governance Certificate;Creative Leadership"
"Art Director","Campaign Performance Review;KPIs","Analyse l’impact visuel des campagnes.","Creative Metrics Certificate;Brand Strategy"
"Art Director","Creative Coaching;Talent Development","Développe les talents créatifs.","Creative Coaching Certificate;Leadership Pro"
"Art Director","Visual Identity Evolution;Rebranding","Pilote des projets de rebranding.","Rebranding Leadership Certificate;Brand Strategy"
"Art Director","Stakeholder Management;Executive Alignment","Travaille avec les dirigeants.","Executive Communication Certificate;Leadership Pro"
"Visual Designer","UI Design;Visual Hierarchy;Color Systems","Conçoit des interfaces visuelles attractives.","Visual Design Certificate;UX Professional"
"Visual Designer","Design Systems;Component Design;Figma","Développe des systèmes visuels cohérents.","Design Systems Certification;Figma Pro"
"Visual Designer","Brand Visuals;Consistency;Guidelines","Assure la cohérence graphique des produits.","Brand Visual Design Certificate;Creative Pro"
"Visual Designer","Typography;Layout;Readability","Optimise la lisibilité des interfaces.","Typography Certificate;Visual Design Pro"
"Visual Designer","Illustration;Custom Graphics","Crée des éléments graphiques personnalisés.","Illustration for UI Certificate;Design Pro"
"Visual Designer","Icon Design;SVG Assets","Conçoit des icônes modernes.","Icon Design Certificate;Visual Design"
"Visual Designer","Color Theory;Accessibility;Contrast","Applique les règles de contraste et d’accessibilité.","Accessible Design Certificate;WCAG"
"Visual Designer","Visual Prototyping;High Fidelity","Produit des prototypes visuels détaillés.","Prototyping Certificate;Figma Pro"
"Visual Designer","Design QA;Visual Consistency","Contrôle la qualité visuelle finale.","Visual QA Certificate;Design Pro"
"Visual Designer","Creative Collaboration;UX Teams","Travaille avec les équipes UX.","UX Collaboration Certificate;Design Pro"
"Visual Designer","Motion UI;Microinteractions","Ajoute des animations subtiles.","Motion UI Certificate;After Effects Intro"
"Visual Designer","Data Visualization;Dashboards","Conçoit des visualisations claires.","Data Visualization Certificate;Visual Design"
"Visual Designer","Brand Expression;Digital Identity","Exprime la marque à travers le digital.","Digital Branding Certificate;Creative Pro"
"Visual Designer","Visual Research;Moodboards","Explore des directions visuelles.","Visual Research Certificate;Design Thinking"
"Visual Designer","Cross-Platform Design;Web;Mobile","Adapte les visuels à plusieurs supports.","Cross-Platform Design Certificate;UX Pro"
"Visual Designer","Design Trends;Innovation","Intègre les tendances visuelles actuelles.","Design Trends Certificate;Creative Pro"
"Visual Designer","Visual Documentation;Specs","Documente les choix visuels.","Design Documentation Certificate;Visual Pro"
"Visual Designer","User-Centered Visuals;Empathy","Crée des visuels centrés utilisateur.","Human-Centered Design Certificate;UX Pro"
"Visual Designer","Design Feedback;Iteration","Améliore les visuels via itérations.","Design Iteration Certificate;Visual Pro"
"Visual Designer","Visual Metrics;Aesthetic KPIs","Suit la performance visuelle.","Visual Metrics Certificate;Design Pro"
"Visual Designer","Creative Problem Solving;Visual Solutions","Résout des problèmes par le design visuel.","Creative Problem Solving Certificate;Design Thinking"
"Visual Designer","Brand Evolution;Rebranding","Participe à l’évolution visuelle des marques.","Rebranding Certificate;Creative Pro"
"Visual Designer","Design Collaboration;Agile Teams","Travaille avec les équipes Agile.","Agile Design Certificate;UX Pro"
"QA Automation Engineer","Selenium;Java;Python;TestNG;CI/CD;Jenkins","Développe et maintient des scripts d’automatisation pour tester les applications et assurer leur qualité.","ISTQB Advanced Test Automation Engineer;Certified Selenium Professional"
"QA Automation Engineer","Python;Selenium;PyTest;CI/CD;Jenkins;Git","Automatise les tests fonctionnels et d’intégration pour améliorer la couverture et la fiabilité.","ISTQB Test Automation Engineer"
"QA Automation Engineer","Java;Selenium;TestNG;Maven;CI/CD;Jenkins","Conçoit des frameworks de test automatisés et exécute les tests continus.","Certified Selenium Professional;ISTQB Advanced Test Automation Engineer"
"QA Automation Engineer","Python;Selenium;PyTest;CI/CD;Git;Docker","Met en place des pipelines de tests automatisés pour les applications web.","ISTQB Test Automation Engineer"
"QA Automation Engineer","Java;Selenium;JUnit;TestNG;CI/CD;Git","Crée et maintient des scripts de test automatisés pour les nouvelles fonctionnalités.","Certified Selenium Professional"
"QA Automation Engineer","Python;Selenium;PyTest;CI/CD;Jenkins;Docker","Automatise les tests pour assurer la qualité des applications en production.","ISTQB Advanced Test Automation Engineer"
"QA Automation Engineer","Java;Selenium;TestNG;CI/CD;Jenkins;Git","Développe des frameworks de test et intègre les tests dans le pipeline CI/CD.","Certified Selenium Professional"
"QA Automation Engineer","Python;Selenium;PyTest;CI/CD;Git;Maven","Assure l’automatisation des tests fonctionnels et la génération de rapports.","ISTQB Test Automation Engineer"
"QA Automation Engineer","Java;Selenium;JUnit;TestNG;CI/CD;Docker","Crée et exécute des scripts de test automatisés pour valider les fonctionnalités.","Certified Selenium Professional"
"QA Automation Engineer","Python;Selenium;PyTest;CI/CD;Jenkins;Git","Met en place des tests automatisés pour garantir la qualité logicielle.","ISTQB Advanced Test Automation Engineer"
"Software Test Engineer","Manual Testing;Selenium;JIRA;Test Cases;Bug Tracking;SQL","Conçoit et exécute des tests manuels et automatisés pour assurer la qualité des applications.","ISTQB Foundation Level;Certified Tester"
"Software Test Engineer","Manual Testing;Python;Selenium;Test Cases;Bug Tracking;CI/CD","Analyse les exigences et crée des plans de test complets.","ISTQB Foundation Level"
"Software Test Engineer","Selenium;Java;Manual Testing;JIRA;Bug Tracking;TestNG","Exécute des tests fonctionnels et rédige les rapports de bugs.","Certified Tester;ISTQB Foundation Level"
"Software Test Engineer","Manual Testing;Python;Selenium;CI/CD;Test Cases;Bug Tracking","Effectue des tests manuels et automatise les scénarios répétitifs.","ISTQB Foundation Level"
"Software Test Engineer","Selenium;Java;Manual Testing;JIRA;TestNG;Bug Tracking","Développe et exécute des tests pour garantir la conformité logicielle.","Certified Tester"
"Software Test Engineer","Python;Selenium;Manual Testing;CI/CD;Bug Tracking;Test Cases","Assure la qualité des applications via des tests fonctionnels et automatisés.","ISTQB Foundation Level"
"Software Test Engineer","Java;Selenium;Manual Testing;JIRA;TestNG;CI/CD","Crée des scripts de test et valide les fonctionnalités des applications.","Certified Tester"
"Software Test Engineer","Python;Selenium;Manual Testing;Bug Tracking;CI/CD;Test Cases","Analyse les résultats de tests et identifie les anomalies.","ISTQB Foundation Level"
"Software Test Engineer","Selenium;Java;TestNG;Manual Testing;JIRA;CI/CD","Exécute des tests automatisés et manuels pour assurer la qualité produit.","Certified Tester"
"Software Test Engineer","Python;Selenium;Manual Testing;CI/CD;Bug Tracking;Reports","Conçoit et exécute des tests pour valider les fonctionnalités logicielles.","ISTQB Foundation Level"
"SDET (Software Development Engineer in Test)","Java;Selenium;TestNG;API Testing;CI/CD;Jenkins","Développe des frameworks de tests automatisés et écrit des tests unitaires et d’intégration.","ISTQB Advanced Level;Certified Selenium Professional"
"SDET (Software Development Engineer in Test)","Python;Selenium;PyTest;API Testing;CI/CD;Docker","Conçoit des tests automatisés pour applications web et API.","ISTQB Advanced Test Automation Engineer"
"SDET (Software Development Engineer in Test)","Java;Selenium;JUnit;CI/CD;TestNG;Git","Crée des scripts de test et intègre les tests dans les pipelines de CI/CD.","Certified Selenium Professional"
"SDET (Software Development Engineer in Test)","Python;Selenium;PyTest;CI/CD;API Testing;Git","Automatise les tests pour assurer la qualité et la fiabilité du code.","ISTQB Advanced Level"
"SDET (Software Development Engineer in Test)","Java;Selenium;TestNG;CI/CD;Jenkins;API Testing","Met en place des frameworks de test robustes et maintenables.","Certified Selenium Professional"
"SDET (Software Development Engineer in Test)","Python;Selenium;PyTest;CI/CD;Docker;Test Automation","Développe et exécute des tests automatisés et API.","ISTQB Advanced Test Automation Engineer"
"SDET (Software Development Engineer in Test)","Java;Selenium;JUnit;TestNG;CI/CD;Git","Crée et maintient des tests automatisés pour le cycle de développement complet.","Certified Selenium Professional"
"SDET (Software Development Engineer in Test)","Python;Selenium;PyTest;API Testing;CI/CD;Docker","Assure la couverture et la qualité des applications via des tests automatisés.","ISTQB Advanced Level"
"SDET (Software Development Engineer in Test)","Java;Selenium;TestNG;CI/CD;Jenkins;API Testing","Développe des tests unitaires, fonctionnels et d’intégration.","Certified Selenium Professional"
"SDET (Software Development Engineer in Test)","Python;Selenium;PyTest;CI/CD;Docker;Git","Automatise les tests et intègre les pipelines CI/CD pour les projets logiciels.","ISTQB Advanced Test Automation Engineer"
"QA Manager","Test Management;Team Leadership;Agile;Risk Management;JIRA;Quality Strategy","Supervise les équipes QA, définit la stratégie qualité et assure la conformité des livrables.","ISTQB Test Manager;Certified Quality Manager"
"QA Manager","Quality Assurance;Team Leadership;Test Planning;Agile;Risk Management;JIRA","Coordonne les activités QA et s’assure de l’efficacité des processus de tests.","Certified QA Manager;ISTQB Advanced Level"
"QA Manager","Agile;Test Management;Team Leadership;Quality Strategy;Risk Assessment;JIRA","Développe la stratégie QA et encadre les équipes de test.","ISTQB Test Manager"
"QA Manager","Test Planning;QA Processes;Team Leadership;Agile;JIRA;Metrics","Assure la qualité produit et la performance des équipes QA.","Certified Quality Manager"
"QA Manager","Quality Strategy;Team Management;Agile;Risk Management;Test Reporting;JIRA","Supervise l’exécution des tests et l’amélioration continue des processus QA.","ISTQB Test Manager;Certified QA Manager"
"QA Manager","Test Management;Agile;Team Leadership;Risk Management;Quality Metrics;JIRA","Définit les standards QA et encadre les équipes de test pour garantir la qualité.","Certified Quality Manager"
"QA Manager","Team Leadership;Test Planning;Agile;Risk Management;JIRA;Quality Processes","Coordonne les activités QA et supervise les tests automatisés et manuels.","ISTQB Test Manager"
"QA Manager","Test Management;Quality Assurance;Agile;Team Leadership;Risk Management;JIRA","Développe et implémente les stratégies qualité pour les projets logiciels.","Certified QA Manager"
"QA Manager","Agile;Test Planning;Team Leadership;Quality Strategy;JIRA;Metrics","Assure la qualité et la conformité des livrables en pilotant l’équipe QA.","ISTQB Test Manager"
"QA Manager","Test Management;Team Leadership;Agile;Risk Management;Quality Reporting;JIRA","Supervise les processus QA, les rapports de tests et l’amélioration continue.","Certified Quality Manager"
"Account Executive","Salesforce;CRM;Negotiation;Lead Generation;B2B Sales;Presentation","Gère le cycle complet de vente, développe le portefeuille clients et atteint les objectifs commerciaux.","Certified Sales Professional;HubSpot Sales Software Certification"
"Account Executive","CRM;Negotiation;Sales Strategy;B2B Sales;Customer Retention;Presentation","Conclut des ventes et établit des relations durables avec les clients.","HubSpot Sales Software Certification;Certified Sales Professional"
"Account Executive","Salesforce;Lead Generation;B2B Sales;Customer Relationship Management;Negotiation;Presentation","Prospecte, négocie et clôture des opportunités commerciales importantes.","Certified Sales Professional"
"Account Executive","CRM;Sales Strategy;Lead Management;Negotiation;Presentation;B2B Sales","Développe des comptes clients et maximise le chiffre d’affaires.","HubSpot Sales Software Certification"
"Account Executive","Salesforce;CRM;Lead Generation;Customer Retention;Negotiation;Presentation","Assure la satisfaction client tout en atteignant les objectifs commerciaux.","Certified Sales Professional"
"Account Executive","CRM;Sales Strategy;B2B Sales;Lead Management;Negotiation;Presentation","Identifie les opportunités de vente et gère les relations avec les clients clés.","HubSpot Sales Software Certification"
"Account Executive","Salesforce;CRM;Negotiation;Lead Generation;B2B Sales;Presentation","Développe et clôture les ventes avec un focus sur les comptes stratégiques.","Certified Sales Professional"
"Account Executive","CRM;Sales Strategy;B2B Sales;Customer Retention;Presentation;Negotiation","Gère les relations clients et assure la croissance du portefeuille.","HubSpot Sales Software Certification"
"Account Executive","Salesforce;CRM;Lead Management;Negotiation;B2B Sales;Presentation","Optimise le processus de vente et conclut des opportunités commerciales importantes.","Certified Sales Professional"
"Account Executive","CRM;Sales Strategy;B2B Sales;Customer Relationship Management;Negotiation;Presentation","Supervise les comptes clients et développe le chiffre d’affaires.","HubSpot Sales Software Certification"
"Business Development Manager","Sales Strategy;Lead Generation;CRM;Negotiation;B2B Sales;Market Research","Identifie de nouvelles opportunités, développe le portefeuille clients et crée de la valeur business.","Certified Business Development Professional;HubSpot Sales Software Certification"
"Business Development Manager","CRM;Market Analysis;Sales Strategy;Lead Generation;Negotiation;B2B Sales","Conçoit des stratégies pour augmenter le chiffre d’affaires et la présence sur le marché.","Certified Business Development Professional"
"Business Development Manager","Lead Generation;Sales Strategy;CRM;Negotiation;B2B Sales;Market Research","Prospecte de nouveaux clients et développe des partenariats stratégiques.","HubSpot Sales Software Certification"
"Business Development Manager","CRM;Sales Strategy;Lead Management;Negotiation;B2B Sales;Market Research","Développe et exécute des plans pour accroître les ventes et les revenus.","Certified Business Development Professional"
"Business Development Manager","Sales Strategy;CRM;Lead Generation;Negotiation;Market Analysis;B2B Sales","Analyse le marché et identifie les opportunités de croissance commerciale.","HubSpot Sales Software Certification"
"Business Development Manager","CRM;Lead Management;Sales Strategy;Negotiation;B2B Sales;Customer Research","Supervise les efforts de développement commercial et la génération de leads.","Certified Business Development Professional"
"Business Development Manager","Sales Strategy;Lead Generation;CRM;B2B Sales;Negotiation;Market Research","Consolide les relations avec les clients existants et prospecte de nouveaux comptes.","HubSpot Sales Software Certification"
"Business Development Manager","CRM;Sales Strategy;Lead Management;Negotiation;B2B Sales;Market Analysis","Met en place des stratégies pour maximiser le chiffre d’affaires et la fidélisation client.","Certified Business Development Professional"
"Business Development Manager","Lead Generation;Sales Strategy;CRM;Negotiation;B2B Sales;Customer Relationship Management","Gère le pipeline commercial et développe de nouvelles opportunités.","HubSpot Sales Software Certification"
"Business Development Manager","CRM;Sales Strategy;Lead Generation;Negotiation;B2B Sales;Market Research","Supervise le développement commercial et l’acquisition de clients clés.","Certified Business Development Professional"
"Business Development Representative","Lead Generation;CRM;Cold Calling;Email Outreach;Sales Prospecting;B2B Sales","Identifie et qualifie les prospects pour alimenter le pipeline commercial.","HubSpot Sales Software Certification;Certified Sales Professional"
"Business Development Representative","CRM;Sales Prospecting;Lead Generation;Cold Calling;Email Outreach;B2B Sales","Prospecte activement de nouveaux clients et organise des rendez-vous commerciaux.","Certified Sales Professional"
"Business Development Representative","Lead Generation;CRM;Email Outreach;Cold Calling;B2B Sales;Sales Strategy","Supporte l’équipe commerciale en générant des leads qualifiés.","HubSpot Sales Software Certification"
"Business Development Representative","CRM;Lead Management;Cold Calling;Email Outreach;Sales Prospecting;B2B Sales","Identifie des prospects et prépare des opportunités pour les Account Executives.","Certified Sales Professional"
"Business Development Representative","Lead Generation;CRM;Sales Prospecting;Email Outreach;Cold Calling;B2B Sales","Contacte et qualifie des leads pour le pipeline commercial.","HubSpot Sales Software Certification"
"Business Development Representative","CRM;Lead Generation;Cold Calling;Email Outreach;Sales Strategy;B2B Sales","Prospecte de nouveaux clients et organise des rendez-vous qualifiés.","Certified Sales Professional"
"Business Development Representative","Lead Generation;CRM;Email Outreach;Cold Calling;Sales Prospecting;B2B Sales","Supporte la croissance commerciale en alimentant le pipeline de vente.","HubSpot Sales Software Certification"
"Business Development Representative","CRM;Lead Management;Cold Calling;Email Outreach;B2B Sales;Sales Strategy","Identifie et qualifie les prospects pour optimiser le processus commercial.","Certified Sales Professional"
"Business Development Representative","Lead Generation;CRM;Sales Prospecting;Cold Calling;Email Outreach;B2B Sales","Prospecte et qualifie des leads pour l’équipe de vente.","HubSpot Sales Software Certification"
"Business Development Representative","CRM;Lead Generation;Cold Calling;Email Outreach;Sales Strategy;B2B Sales","Alimente le pipeline commercial et facilite la conversion des prospects.","Certified Sales Professional"
"Account Manager","CRM;Customer Success;Account Management;Negotiation;Relationship Building;B2B Sales","Gère les comptes clients, assure leur satisfaction et développe les relations à long terme.","Certified Account Manager;HubSpot Customer Success Certification"
"Account Manager","Account Management;CRM;Customer Retention;Negotiation;B2B Sales;Relationship Management","Supervise les relations avec les clients et identifie les opportunités d’upsell et cross-sell.","Certified Account Manager"
"Account Manager","CRM;Customer Success;Negotiation;Account Management;Relationship Building;B2B Sales","Maintient et développe le portefeuille client en assurant la satisfaction et la fidélisation.","HubSpot Customer Success Certification"
"Account Manager","Account Management;CRM;Customer Retention;Negotiation;Relationship Management;B2B Sales","Coordonne les relations clients et maximise la valeur des comptes existants.","Certified Account Manager"
"Account Manager","CRM;Customer Success;Account Management;Negotiation;B2B Sales;Relationship Building","Assure le suivi des comptes et l’atteinte des objectifs commerciaux.","HubSpot Customer Success Certification"
"Account Manager","Account Management;CRM;Customer Retention;Negotiation;B2B Sales;Relationship Management","Gère les relations clients et développe le chiffre d’affaires par compte.","Certified Account Manager"
"Account Manager","CRM;Customer Success;Account Management;Negotiation;Relationship Building;B2B Sales","Supervise les comptes clients et assure la fidélisation et la satisfaction.","HubSpot Customer Success Certification"
"Account Manager","Account Management;CRM;Negotiation;Customer Retention;B2B Sales;Relationship Management","Optimise les relations clients et les opportunités commerciales.","Certified Account Manager"
"Account Manager","CRM;Account Management;Customer Success;Negotiation;Relationship Building;B2B Sales","Développe et maintient les relations clients pour garantir la croissance des comptes.","HubSpot Customer Success Certification"
"Account Manager","Account Management;CRM;Customer Retention;Negotiation;B2B Sales;Relationship Management","Assure la gestion des comptes clés et maximise la satisfaction client.","Certified Account Manager"
"Program Manager","Program Planning;Stakeholder Management;Roadmapping;Risk Management;Governance","Pilote plusieurs projets stratégiques alignés sur les objectifs globaux de l’organisation.","PgMP;PMP"
"Program Manager","Portfolio Management;Prioritization;Budget Control;Reporting","Supervise un portefeuille de projets et optimise l’allocation des ressources.","PfMP;PMP"
"Program Manager","Agile Frameworks;SAFe;Scrum of Scrums;Coordination","Coordonne des équipes Agile à grande échelle.","SAFe Agilist;PMI-ACP"
"Program Manager","Change Management;Process Improvement;Transformation","Accompagne les programmes de transformation organisationnelle.","Prosci Change Management;PMP"
"Program Manager","Executive Communication;Steering Committees;KPIs","Assure la communication avec la direction et le suivi des indicateurs.","PgMP;ITIL Foundation"
"Program Manager","Risk Analysis;Dependency Management;Mitigation","Identifie et gère les dépendances entre projets.","Risk Management Professional;PMP"
"Program Manager","Resource Management;Capacity Planning;Forecasting","Planifie les ressources sur plusieurs projets.","PMP;Capacity Planning Certificate"
"Program Manager","Program Governance;Compliance;Standards","Met en place des cadres de gouvernance programme.","PgMP;ISO 21500"
"Program Manager","Financial Management;Cost Optimization;ROI","Suit les budgets et maximise le retour sur investissement.","PMP;Finance for PMs"
"Program Manager","Cross-Functional Leadership;Collaboration","Coordonne des équipes multidisciplinaires.","Leadership Certificate;PgMP"
"Program Manager","Program Reporting;Dashboards;Analytics","Produit des tableaux de bord consolidés.","PMO Analytics Certificate;PMP"
"Program Manager","Vendor Management;Contract Oversight","Gère les fournisseurs et contrats stratégiques.","Contract Management Certificate;PMP"
"Program Manager","Strategic Alignment;Business Objectives","Aligne les programmes sur la stratégie d’entreprise.","PgMP;Business Strategy Certificate"
"Program Manager","Quality Assurance;Program Reviews","Garantit la qualité globale des livrables.","Quality Management Certificate;PMP"
"Program Manager","Lessons Learned;Continuous Improvement","Capitalise sur les retours d’expérience.","Continuous Improvement Certificate;PgMP"
"Construction Project Manager","Construction Planning;Scheduling;MS Project;Primavera","Planifie et supervise les projets de construction.","PMP;Construction Project Management"
"Construction Project Manager","Site Management;Supervision;Safety Compliance","Coordonne les activités sur chantier.","OSHA Certification;PMP"
"Construction Project Manager","Budget Control;Cost Estimation;Procurement","Gère les coûts et les achats de matériaux.","Cost Management Certificate;PMP"
"Construction Project Manager","Contract Management;Vendors;Negotiation","Supervise les contrats avec les sous-traitants.","Contract Management Certification;PMP"
"Construction Project Manager","Quality Control;Inspections;Standards","Assure la conformité aux normes de construction.","Quality Control Certificate;ISO 9001"
"Construction Project Manager","Risk Management;Safety Planning","Identifie les risques et met en place des plans sécurité.","Risk Management Certificate;OSHA"
"Construction Project Manager","Timeline Management;Milestones;Reporting","Suit l’avancement et respecte les délais.","PMP;Scheduling Professional"
"Construction Project Manager","Regulatory Compliance;Building Codes","Veille au respect des réglementations locales.","Building Regulations Certificate;PMP"
"Construction Project Manager","Resource Coordination;Labor Management","Coordonne les équipes et les ressources terrain.","Construction Leadership Certificate;PMP"
"Construction Project Manager","Stakeholder Communication;Client Reporting","Communique avec clients et parties prenantes.","Communication for PMs;PMP"
"Construction Project Manager","Change Orders;Scope Control","Gère les modifications de périmètre.","Scope Management Certificate;PMP"
"Construction Project Manager","Site Logistics;Material Planning","Optimise la logistique du chantier.","Construction Logistics Certificate;PMP"
"Construction Project Manager","Sustainability;Green Building","Intègre des pratiques de construction durable.","LEED Green Associate;PMP"
"Construction Project Manager","Dispute Resolution;Claims Management","Gère les litiges et réclamations.","Claims Management Certificate;PMP"
"Construction Project Manager","Project Closeout;Handover;Documentation","Assure la clôture et la livraison finale.","Project Closeout Certificate;PMP"
"E-commerce Project Manager","E-commerce Platforms;Shopify;Magento;WooCommerce","Pilote des projets de création et évolution de sites e-commerce.","E-commerce Project Management;PMP"
"E-commerce Project Manager","Agile Project Management;Scrum;Kanban","Gère les projets e-commerce en mode Agile.","PMI-ACP;Scrum Master"
"E-commerce Project Manager","UX/UI Collaboration;Customer Journey","Travaille avec les équipes UX pour améliorer l’expérience client.","UX Fundamentals;PMP"
"E-commerce Project Manager","Digital Marketing;SEO;SEM;Analytics","Coordonne les actions marketing digitales.","Digital Marketing Certificate;Google Analytics"
"E-commerce Project Manager","Payment Systems;Checkout Optimization","Supervise l’intégration des moyens de paiement.","E-commerce Payments Certificate;PMP"
"E-commerce Project Manager","Logistics Integration;Order Management","Coordonne la logistique et la gestion des commandes.","Supply Chain Certificate;PMP"
"E-commerce Project Manager","Performance Tracking;KPIs;Dashboards","Analyse les performances commerciales.","E-commerce Analytics Certificate;PMP"
"E-commerce Project Manager","Stakeholder Management;Vendors","Gère les prestataires techniques et marketing.","Vendor Management Certificate;PMP"
"E-commerce Project Manager","Security;PCI-DSS;Data Protection","Assure la sécurité des transactions.","PCI-DSS Foundation;Security+"
"E-commerce Project Manager","Product Catalog Management;Content","Supervise la gestion des produits en ligne.","Product Management Certificate;PMP"
"E-commerce Project Manager","Release Management;Feature Deployment","Planifie les mises en production.","Release Management Certificate;ITIL"
"E-commerce Project Manager","Internationalization;Localization","Gère les projets e-commerce multi-pays.","International E-commerce Certificate;PMP"
"E-commerce Project Manager","Customer Experience;Feedback Analysis","Améliore l’expérience client globale.","CX Management Certificate;PMP"
"E-commerce Project Manager","A/B Testing;Conversion Optimization","Optimise les taux de conversion.","CRO Certification;Digital Analytics"
"E-commerce Project Manager","Roadmap Planning;Product Strategy","Définit la feuille de route e-commerce.","Product Strategy Certificate;PMP"
"QA Engineer","Test Planning;Test Cases;Test Strategy","Conçoit et exécute des plans de test logiciels.","ISTQB Foundation;Software Testing"
"QA Engineer","Manual Testing;Functional Testing;Regression","Réalise des tests manuels fonctionnels.","ISTQB Foundation;QA Analyst"
"QA Engineer","Automation Testing;Selenium;Cypress","Automatise les tests pour améliorer la couverture.","ISTQB Advanced;Test Automation Engineer"
"QA Engineer","API Testing;Postman;REST;JSON","Teste les API et services backend.","API Testing Certificate;ISTQB"
"QA Engineer","Performance Testing;JMeter;Load Testing","Évalue la performance et la charge des applications.","Performance Testing Certificate;ISTQB"
"QA Engineer","Bug Tracking;JIRA;Defect Management","Identifie et suit les anomalies.","Agile Testing Certificate;ISTQB"
"QA Engineer","Agile Testing;Scrum;Collaboration","Travaille avec les équipes Agile.","ISTQB Agile Tester;Scrum Fundamentals"
"QA Engineer","Test Automation Frameworks;CI/CD","Intègre les tests dans les pipelines CI/CD.","DevOps Testing Certificate;ISTQB"
"QA Engineer","Mobile Testing;Android;iOS","Teste les applications mobiles.","Mobile Testing Certificate;ISTQB"
"QA Engineer","Security Testing;Vulnerability Scans","Participe aux tests de sécurité applicative.","Security Testing Certificate;CEH"
"QA Engineer","Test Documentation;Reporting;Metrics","Produit des rapports de qualité.","QA Reporting Certificate;ISTQB"
"QA Engineer","Cross-Browser Testing;Compatibility","Teste la compatibilité multi-navigateurs.","Web Testing Certificate;QA Pro"
"QA Engineer","User Acceptance Testing;UAT Support","Assiste les utilisateurs lors des tests UAT.","UAT Certification;ISTQB"
"QA Engineer","Root Cause Analysis;Defect Prevention","Analyse les causes des défauts.","Quality Improvement Certificate;ISTQB"
"QA Engineer","Continuous Testing;Quality Gates","Met en place des contrôles qualité continus.","Continuous Testing Certificate;DevOps QA"
"QA Engineer","Test Environment Management;Virtualization","Gère les environnements de test.","Test Environment Management Certificate;ISTQB"
"Sales Associate","Customer Service;Product Knowledge;Communication;Upselling;POS Systems","Accueille les clients, identifie leurs besoins et propose des produits adaptés.","Customer Service Certification;Sales Fundamentals"
"Sales Associate","Active Listening;Negotiation Basics;Closing Techniques","Participe activement à la réalisation des ventes quotidiennes.","Sales Skills Certificate;Retail Sales Training"
"Sales Associate","Inventory Awareness;Merchandising;Stock Rotation","Aide à la gestion des rayons et à la mise en valeur des produits.","Retail Operations Certificate;Merchandising Basics"
"Sales Associate","CRM Usage;Customer Follow-up;Reporting","Suit les interactions clients et met à jour les données de vente.","CRM Fundamentals;Sales Operations Certificate"
"Sales Associate","Team Collaboration;Sales Targets;Time Management","Travaille en équipe pour atteindre les objectifs commerciaux.","Teamwork Certificate;Sales Productivity"
"Sales Associate","Problem Solving;Complaint Handling","Gère les réclamations clients avec professionnalisme.","Customer Relations Certificate;Service Excellence"
"Sales Associate","Cash Handling;Billing;Accuracy","Assure les opérations de caisse avec précision.","POS Handling Certificate;Retail Compliance"
"Sales Associate","Brand Representation;Product Presentation","Représente l’image de la marque auprès des clients.","Brand Ambassador Certificate;Sales Training"
"Sales Associate","Sales Promotions;Campaign Support","Participe aux actions promotionnelles en magasin.","Promotional Sales Certificate;Marketing Basics"
"Sales Associate","Adaptability;Fast-Paced Environment","S’adapte aux périodes de forte affluence.","Retail Readiness Certificate;Sales Essentials"
"Retail Sales Associate","Retail Customer Service;Store Operations;POS","Assiste les clients en magasin et finalise les ventes.","Retail Sales Certification;Customer Service"
"Retail Sales Associate","Visual Merchandising;Store Layout;Display Setup","Met en place des présentations attractives en rayon.","Visual Merchandising Certificate;Retail Design"
"Retail Sales Associate","Inventory Control;Stock Replenishment","Surveille les niveaux de stock et réapprovisionne.","Inventory Management Certificate;Retail Ops"
"Retail Sales Associate","Sales Techniques;Cross-Selling;Upselling","Augmente le panier moyen par des ventes additionnelles.","Sales Techniques Certificate;Retail Sales"
"Retail Sales Associate","Cashier Operations;Returns Handling","Gère les paiements et les retours produits.","Cash Handling Certificate;Retail Compliance"
"Retail Sales Associate","Customer Loyalty Programs;Memberships","Promouvoir les programmes de fidélité.","Customer Loyalty Certificate;Retail Marketing"
"Retail Sales Associate","Product Demonstration;Customer Education","Explique les caractéristiques des produits.","Product Training Certificate;Sales Enablement"
"Retail Sales Associate","Store Cleanliness;Standards Compliance","Maintient un environnement de vente propre.","Retail Standards Certificate;Store Operations"
"Retail Sales Associate","Sales Reporting;Daily Metrics","Remonte les performances de vente quotidiennes.","Retail Reporting Certificate;Sales Ops"
"Retail Sales Associate","Team Coordination;Shift Work","Travaille en rotation avec l’équipe magasin.","Team Coordination Certificate;Retail Essentials"
"Sales Executive","B2B Sales;Prospecting;Lead Generation;Negotiation","Développe un portefeuille clients professionnels.","Professional Sales Certificate;B2B Sales"
"Sales Executive","Client Relationship Management;Account Handling","Gère et fidélise les comptes clients clés.","Account Management Certificate;CRM Professional"
"Sales Executive","Sales Presentations;Pitching;Product Demos","Présente les solutions commerciales aux clients.","Sales Presentation Certificate;Business Communication"
"Sales Executive","Pipeline Management;Forecasting;KPIs","Suit le pipeline de vente et prévoit le chiffre d’affaires.","Sales Forecasting Certificate;CRM Advanced"
"Sales Executive","Contract Negotiation;Deal Closing","Négocie et conclut des contrats commerciaux.","Negotiation Certificate;Sales Closing Pro"
"Sales Executive","Market Analysis;Competitor Research","Analyse le marché et la concurrence.","Market Analysis Certificate;Sales Strategy"
"Sales Executive","CRM Tools;Reporting;Dashboards","Met à jour les données de vente et rapports.","CRM Certification;Sales Operations"
"Sales Executive","Customer Needs Analysis;Consultative Selling","Adopte une approche de vente conseil.","Consultative Selling Certificate;Sales Pro"
"Sales Executive","Territory Management;Travel Planning","Gère un secteur géographique dédié.","Territory Management Certificate;Sales Enablement"
"Sales Executive","Post-Sales Follow-up;Customer Satisfaction","Assure le suivi après-vente.","Customer Success Certificate;Sales Excellence"
"Sales Manager","Sales Strategy;Team Leadership;Target Setting","Définit la stratégie commerciale et encadre l’équipe.","Sales Management Certificate;PMP"
"Sales Manager","Team Coaching;Performance Reviews","Développe les compétences des commerciaux.","Leadership Certificate;Sales Coaching"
"Sales Manager","Sales Forecasting;Revenue Planning;Budgeting","Planifie les revenus et budgets de vente.","Sales Forecasting Certificate;Finance for Managers"
"Sales Manager","CRM Oversight;Pipeline Review;KPIs","Supervise le pipeline et les indicateurs clés.","CRM Advanced Certification;Sales Ops"
"Sales Manager","Recruitment;Onboarding;Training","Recrute et forme les nouveaux commerciaux.","Talent Management Certificate;Sales Leadership"
"Sales Manager","Cross-Department Collaboration;Marketing Alignment","Coordonne ventes et marketing.","Cross-Functional Leadership;Sales Strategy"
"Sales Manager","Negotiation Support;Key Accounts","Soutient les négociations stratégiques.","Advanced Negotiation Certificate;Key Account Management"
"Sales Manager","Sales Process Optimization;Best Practices","Améliore continuellement les processus de vente.","Process Improvement Certificate;Sales Excellence"
"Sales Manager","Reporting;Executive Communication","Présente les résultats à la direction.","Executive Reporting Certificate;Leadership Pro"
"Sales Manager","Market Expansion;Growth Strategy","Développe de nouveaux marchés.","Growth Strategy Certificate;Sales Management"
"Sales Manager","Conflict Resolution;Team Dynamics","Gère les conflits et favorise la cohésion d’équipe.","Conflict Management Certificate;Team Leadership"
"Sales Manager","Customer Retention;Loyalty Programs","Met en place des stratégies de fidélisation.","Customer Retention Certificate;Sales Strategy"
"Sales Manager","Change Management;Adaptability","Accompagne les équipes dans les périodes de changement.","Change Management Certificate;Sales Leadership"
"Sales Manager","Digital Sales Tools;E-commerce Integration","Intègre les outils digitaux dans la stratégie de vente.","Digital Sales Certificate;Sales Technology"
"Sales Manager","International Sales;Global Markets","Gère les ventes à l’international.","International Sales Certificate;Global Business"
"Marketing Director","Marketing Strategy;Brand Management;Leadership;Market Analysis;Budget Planning","Définit la stratégie marketing globale de l’entreprise et pilote les équipes pour atteindre les objectifs de croissance.","Certified Marketing Executive (CME);Chartered Marketer"
"Marketing Director","Digital Strategy;Team Leadership;KPI Analysis;Customer Segmentation;Budget Control","Supervise l’ensemble des initiatives marketing en alignant les actions digitales et offline avec la vision business.","Professional Certified Marketer (PCM);CIM Level 7"
"Marketing Director","Brand Strategy;Go-to-Market Planning;Data Analysis;Stakeholder Management;Communication","Conçoit et déploie des plans marketing à long terme pour renforcer la notoriété et la performance commerciale.","Chartered Marketer;MBA Marketing"
"Marketing Director","Market Research;Campaign Management;Leadership;Strategic Planning;Analytics","Analyse les tendances du marché et oriente les campagnes marketing afin d’optimiser le retour sur investissement.","Certified Marketing Management Professional;CIM Level 6"
"Marketing Director","Growth Marketing;Brand Positioning;Budgeting;Team Management;CRM","Pilote la croissance de la marque à travers des stratégies marketing innovantes et mesurables.","Professional Certified Marketer (PCM);CME"
"Marketing Director","Product Marketing;Competitive Analysis;Leadership;Strategic Vision;Reporting","Coordonne les équipes marketing pour assurer le succès des lancements de produits et services.","Chartered Marketer;Product Marketing Certification"
"Marketing Director","Marketing Operations;Performance Tracking;Leadership;Automation;Strategy","Optimise les processus marketing et s’assure de l’efficacité opérationnelle des campagnes.","CIM Level 7;Digital Marketing Leader Certification"
"Marketing Director","Customer Experience;Brand Management;Analytics;Leadership;Communication","Améliore l’expérience client en alignant les messages marketing avec les attentes du marché.","Certified Customer Experience Professional;CME"
"Marketing Director","International Marketing;Market Expansion;Leadership;Cross-cultural Communication;Strategy","Développe des stratégies marketing adaptées aux marchés internationaux et multiculturels.","International Marketing Certification;Chartered Marketer"
"Marketing Director","Marketing Innovation;Data-driven Marketing;Leadership;Strategy;Change Management","Encourage l’innovation marketing en s’appuyant sur les données et les nouvelles technologies.","PCM;Digital Transformation Certification"
"Marketing Director","Marketing Planning;Brand Equity;Leadership;Analytics;Budgeting","Planifie et supervise les activités marketing pour renforcer la valeur de la marque.","CIM Level 6;CME"
"Marketing Director","Omnichannel Strategy;Customer Insights;Leadership;Campaign Oversight;Reporting","Assure la cohérence des actions marketing sur l’ensemble des canaux de communication.","Omnichannel Marketing Certification;PCM"
"Marketing Director","Marketing Governance;Risk Management;Leadership;Strategy;Compliance","Garantit la conformité et la cohérence des actions marketing avec les normes de l’entreprise.","Chartered Marketer;Marketing Governance Certificate"
"Marketing Director","Marketing Analytics;ROI Optimization;Leadership;Strategic Planning;Reporting","Analyse les performances marketing afin d’optimiser les investissements et la rentabilité.","Data-Driven Marketing Certification;PCM"
"Marketing Director","Brand Communication;Storytelling;Leadership;Media Planning;Strategy","Définit la ligne éditoriale et la communication de marque à l’échelle de l’entreprise.","Brand Management Certification;CME"
"Marketing Director","Customer Acquisition;Growth Strategy;Leadership;Analytics;CRM","Supervise les stratégies d’acquisition clients et d’expansion du portefeuille.","Growth Marketing Certification;PCM"
"Marketing Director","Marketing Transformation;Digital Leadership;Change Management;Strategy;Innovation","Accompagne la transformation digitale des activités marketing.","Digital Leadership Certification;CIM Level 7"
"Marketing Director","Marketing Budgeting;Financial Analysis;Leadership;Planning;Control","Gère les budgets marketing et assure une allocation optimale des ressources.","Marketing Finance Certification;CME"
"Marketing Director","Corporate Marketing;Reputation Management;Leadership;Strategy;Communication","Protège et développe l’image institutionnelle de l’entreprise.","Corporate Communication Certification;Chartered Marketer"
"Marketing Director","Marketing Vision;Executive Leadership;Strategic Alignment;Analytics;Decision Making","Travaille avec la direction générale pour aligner le marketing avec les objectifs stratégiques.","Executive Marketing Leadership Certification;PCM"
"Digital Marketing Specialist","SEO;Google Analytics;Content Strategy;SEM;Email Marketing","Optimise la visibilité en ligne de l’entreprise à travers des campagnes digitales ciblées.","Google Analytics Certification;SEO Certification"
"Digital Marketing Specialist","Social Ads;Facebook Ads;Google Ads;Analytics;A/B Testing","Gère et optimise les campagnes publicitaires payantes sur les plateformes digitales.","Google Ads Certification;Meta Blueprint"
"Digital Marketing Specialist","Marketing Automation;CRM;Email Campaigns;Lead Nurturing;Analytics","Automatise les campagnes marketing pour améliorer la conversion des prospects.","HubSpot Marketing Certification;Email Marketing Certification"
"Digital Marketing Specialist","SEO;Content Marketing;Keyword Research;Analytics;Link Building","Améliore le référencement naturel du site et la qualité du trafic organique.","SEO Professional Certification;Google Analytics Certification"
"Digital Marketing Specialist","Web Analytics;Data Analysis;Conversion Optimization;Reporting;Dashboards","Analyse les données web pour optimiser les performances digitales.","Google Analytics Certification;Data Analytics Certificate"
"Digital Marketing Specialist","Social Media Marketing;Community Management;Content Planning;Analytics;Engagement","Anime les communautés en ligne et développe l’engagement des utilisateurs.","Social Media Marketing Certification;Meta Blueprint"
"Digital Marketing Specialist","Email Marketing;Campaign Design;Segmentation;Analytics;Automation","Conçoit et pilote des campagnes emailing performantes et personnalisées.","Email Marketing Certification;HubSpot Marketing Certification"
"Digital Marketing Specialist","SEM;Paid Search;Keyword Optimization;Analytics;Budget Management","Gère les campagnes de référencement payant pour maximiser le ROI.","Google Ads Search Certification;SEM Certification"
"Digital Marketing Specialist","Content Strategy;Digital Copywriting;SEO;Analytics;CMS","Développe des contenus digitaux optimisés pour le référencement et l’engagement.","Content Marketing Certification;SEO Certification"
"Digital Marketing Specialist","Conversion Rate Optimization;A/B Testing;UX Basics;Analytics;Reporting","Optimise les parcours utilisateurs afin d’augmenter les taux de conversion.","CRO Certification;Google Analytics Certification"
"Digital Marketing Specialist","Mobile Marketing;App Campaigns;Push Notifications;Analytics;Automation","Déploie des stratégies marketing adaptées aux supports mobiles.","Mobile Marketing Certification;Digital Marketing Certificate"
"Digital Marketing Specialist","Digital Campaign Management;Planning;Analytics;Optimization;Reporting","Coordonne et optimise les campagnes digitales multicanales.","Professional Digital Marketing Certification;PCM"
"Digital Marketing Specialist","E-commerce Marketing;Product Listings;SEO;Analytics;Paid Ads","Améliore les performances marketing des plateformes e-commerce.","E-commerce Marketing Certification;Google Analytics Certification"
"Digital Marketing Specialist","Influencer Marketing;Partnerships;Campaign Tracking;Analytics;Negotiation","Gère les collaborations avec des influenceurs pour accroître la notoriété de la marque.","Influencer Marketing Certification;Social Media Marketing Certificate"
"Digital Marketing Specialist","Marketing Dashboards;Data Visualization;Analytics;KPIs;Reporting","Crée des tableaux de bord pour le suivi des performances digitales.","Data Visualization Certification;Google Analytics Certification"
"Digital Marketing Specialist","Digital Strategy;Channel Optimization;Analytics;Planning;Execution","Met en œuvre la stratégie digitale définie par la direction marketing.","Digital Strategy Certification;PCM"
"Digital Marketing Specialist","Online Reputation Management;SEO;Monitoring;Analytics;Reporting","Surveille et améliore la réputation en ligne de l’entreprise.","ORM Certification;SEO Certification"
"Digital Marketing Specialist","Landing Page Optimization;UX Basics;Copywriting;Analytics;Testing","Optimise les pages d’atterrissage pour maximiser les conversions.","CRO Certification;UX Fundamentals"
"Digital Marketing Specialist","Marketing Technology;Tools Integration;Automation;Analytics;Optimization","Intègre et exploite les outils martech pour améliorer l’efficacité marketing.","MarTech Certification;HubSpot Marketing Certification"
"Digital Marketing Specialist","Digital Reporting;Performance Analysis;KPIs;Analytics;Insights","Analyse les résultats des campagnes digitales et propose des axes d’amélioration.","Google Analytics Certification;Digital Marketing Professional"
"Content Marketing Specialist","Content Strategy;SEO Writing;Editorial Planning;Analytics;Storytelling","Produit des contenus engageants alignés avec la stratégie marketing globale.","Content Marketing Certification;SEO Certification"
"Content Marketing Specialist","Blog Writing;Keyword Research;SEO;CMS;Analytics","Rédige et optimise des articles de blog pour accroître le trafic organique.","SEO Writing Certification;Content Marketing Certificate"
"Content Marketing Specialist","Copywriting;Brand Voice;Editorial Guidelines;Storytelling;Analytics","Développe des contenus cohérents avec l’identité et la voix de la marque.","Copywriting Certification;Brand Content Certificate"
"Content Marketing Specialist","Content Planning;Campaign Coordination;SEO;Analytics;Publishing","Planifie et coordonne la production de contenus marketing multicanaux.","Content Strategy Certification;SEO Certification"
"Content Marketing Specialist","Video Content;Scriptwriting;Storyboarding;Analytics;Publishing","Crée des contenus vidéo pour renforcer l’engagement et la notoriété.","Video Marketing Certification;Content Marketing Certificate"
"Content Marketing Specialist","Email Content;Copywriting;Segmentation;Analytics;Optimization","Conçoit des contenus emailing adaptés aux différentes audiences.","Email Copywriting Certification;Content Marketing Certificate"
"Content Marketing Specialist","Social Content;Editorial Calendar;Engagement;Analytics;Branding","Produit des contenus dédiés aux réseaux sociaux pour stimuler l’interaction.","Social Media Content Certification;Content Marketing Certificate"
"Content Marketing Specialist","SEO Content;On-page Optimization;Keyword Strategy;Analytics;CMS","Optimise les contenus pour améliorer le positionnement sur les moteurs de recherche.","Advanced SEO Certification;Content Marketing Professional"
"Content Marketing Specialist","Whitepapers;Case Studies;B2B Content;Research;Analytics","Rédige des contenus B2B à forte valeur ajoutée pour la génération de leads.","B2B Content Marketing Certification;Content Strategy Certificate"
"Content Marketing Specialist","Content Performance Analysis;KPIs;Analytics;Reporting;Optimization","Analyse l’impact des contenus et ajuste la stratégie éditoriale.","Content Analytics Certification;Google Analytics Certification"
"Content Marketing Specialist","UX Writing;Microcopy;User Journey;Analytics;Testing","Améliore l’expérience utilisateur grâce à des contenus clairs et efficaces.","UX Writing Certification;Content Design Certificate"
"Content Marketing Specialist","Content Repurposing;Multi-channel Distribution;Analytics;Optimization","Adapte les contenus existants à différents formats et canaux.","Content Repurposing Certification;Digital Content Certificate"
"Content Marketing Specialist","Editorial Management;Workflow Optimization;Planning;Analytics;Coordination","Gère le workflow éditorial et la collaboration entre équipes.","Editorial Management Certification;Content Strategy Certificate"
"Content Marketing Specialist","Thought Leadership;Expert Content;Research;Storytelling;Analytics","Développe des contenus experts pour positionner la marque comme référence.","Thought Leadership Certification;Content Marketing Professional"
"Content Marketing Specialist","Content Localization;Translation Management;Cultural Adaptation;Analytics","Adapte les contenus aux marchés et cultures locales.","Content Localization Certification;International Marketing Certificate"
"Content Marketing Specialist","Interactive Content;Quizzes;Infographics;Engagement;Analytics","Crée des contenus interactifs pour augmenter l’engagement utilisateur.","Interactive Content Certification;Content Marketing Certificate"
"Content Marketing Specialist","Content Governance;Quality Control;Editorial Standards;Analytics","Assure la qualité et la cohérence des contenus publiés.","Content Governance Certification;Editorial Standards Certificate"
"Content Marketing Specialist","Content SEO Audits;Optimization;Analytics;Reporting","Réalise des audits de contenu pour améliorer la performance SEO.","SEO Audit Certification;Content Marketing Professional"
"Content Marketing Specialist","Brand Storytelling;Narrative Design;Copywriting;Analytics","Construit des récits de marque engageants et mémorables.","Brand Storytelling Certification;Content Strategy Certificate"
"Content Marketing Specialist","Content Innovation;New Formats;Testing;Analytics;Optimization","Expérimente de nouveaux formats de contenu pour capter l’attention.","Digital Content Innovation Certification;Content Marketing Professional"
"Social Media Manager","Social Media Strategy;Community Management;Content Planning;Analytics;Engagement","Définit et met en œuvre la stratégie de présence sur les réseaux sociaux.","Social Media Marketing Certification;Meta Blueprint"
"Social Media Manager","Content Scheduling;Editorial Calendar;Analytics;Brand Voice;Coordination","Planifie et publie des contenus cohérents sur les plateformes sociales.","Content Planning Certification;Social Media Professional"
"Social Media Manager","Community Engagement;Moderation;Customer Interaction;Analytics;Reporting","Anime les communautés et gère les interactions avec les abonnés.","Community Management Certification;Social Media Certificate"
"Social Media Manager","Social Ads;Campaign Management;Analytics;Budget Optimization;Reporting","Gère les campagnes publicitaires sur les réseaux sociaux.","Meta Ads Certification;Social Media Advertising Certificate"
"Social Media Manager","Influencer Management;Partnerships;Campaign Tracking;Analytics","Coordonne les collaborations avec des influenceurs.","Influencer Marketing Certification;Social Media Professional"
"Social Media Manager","Social Analytics;KPIs;Performance Tracking;Insights;Reporting","Analyse les performances sociales et ajuste la stratégie.","Social Media Analytics Certification;Google Analytics Certification"
"Social Media Manager","Content Creation;Copywriting;Visual Basics;Storytelling;Analytics","Crée des contenus engageants adaptés à chaque réseau social.","Social Content Creation Certification;Copywriting Certificate"
"Social Media Manager","Brand Monitoring;Reputation Management;Crisis Communication;Analytics","Surveille l’e-réputation et gère les situations de crise.","Online Reputation Management Certification;PR Digital Certificate"
"Social Media Manager","Social Listening;Trend Analysis;Insights;Analytics;Strategy","Analyse les tendances et conversations pour orienter la stratégie sociale.","Social Listening Certification;Digital Marketing Certificate"
"Social Media Manager","Platform Management;Facebook;Instagram;LinkedIn;Analytics","Gère plusieurs plateformes sociales et adapte les contenus.","Platform Management Certification;Meta Blueprint"
"Social Media Manager","Video Social Content;Short Videos;Editing Basics;Analytics","Développe des contenus vidéo courts pour les réseaux sociaux.","Video Marketing Certification;Social Media Content Certificate"
"Social Media Manager","Engagement Campaigns;Contests;UGC;Analytics;Optimization","Lance des campagnes interactives pour accroître l’engagement.","Engagement Marketing Certification;Social Media Professional"
"Social Media Manager","Social Strategy Alignment;Brand Consistency;Planning;Analytics","Aligne la stratégie sociale avec les objectifs marketing globaux.","Strategic Social Media Certification;PCM"
"Social Media Manager","Reporting Dashboards;Data Visualization;KPIs;Analytics","Crée des rapports clairs sur les performances des réseaux sociaux.","Data Visualization Certification;Social Media Analytics"
"Social Media Manager","Customer Support via Social;CRM Integration;Analytics;Response Management","Utilise les réseaux sociaux comme canal de support client.","Social Customer Care Certification;CRM Social Media Certificate"
"Social Media Manager","Paid Social Optimization;A/B Testing;Analytics;Budget Control","Optimise les performances des publicités sociales payantes.","Paid Social Certification;Meta Ads Professional"
"Social Media Manager","Content Localization;Cultural Adaptation;Analytics;Publishing","Adapte les contenus sociaux aux marchés locaux.","Social Media Localization Certification;International Marketing Certificate"
"Social Media Manager","Social Media Governance;Policies;Compliance;Risk Management","Met en place des règles et bonnes pratiques d’utilisation des réseaux sociaux.","Social Media Governance Certification;Digital Compliance Certificate"
"Social Media Manager","Trend-driven Content;Creative Planning;Analytics;Optimization","Exploite les tendances pour créer des contenus viraux.","Creative Social Media Certification;Content Innovation Certificate"
"Social Media Manager","Social Media Leadership;Team Coordination;Planning;Analytics","Coordonne l’équipe social media et supervise les opérations quotidiennes.","Social Media Leadership Certification;Digital Marketing Professional"
"Real Estate Agent","Property Listing;Client Relationship Management;Negotiation;Market Analysis;CRM;Sales Strategy","Accompagne les clients dans l’achat, la vente ou la location de biens immobiliers.","Certified Residential Specialist (CRS);Accredited Buyer’s Representative (ABR)"
"Real Estate Agent","Property Sales;Negotiation;Client Management;Market Research;CRM;Open Houses","Commercialise les biens immobiliers et conseille les clients sur les transactions.","ABR;CRS"
"Real Estate Agent","Real Estate Marketing;Client Relationship;Negotiation;Property Valuation;CRM","Gère les transactions immobilières et maintient une relation client de qualité.","Certified Residential Specialist;Accredited Buyer’s Representative"
"Real Estate Agent","Property Listing;CRM;Negotiation;Market Analysis;Client Consultation","Aide les clients à acheter, vendre ou louer des biens immobiliers.","CRS;ABR"
"Real Estate Agent","Client Relationship Management;Property Sales;Negotiation;Market Research;CRM","Prospecte et conseille les clients dans toutes les étapes des transactions immobilières.","Certified Residential Specialist"
"Real Estate Agent","Property Marketing;Client Management;Negotiation;CRM;Market Analysis","Assure la promotion et la vente des biens tout en maintenant une relation client solide.","Accredited Buyer’s Representative"
"Real Estate Agent","Property Sales;CRM;Negotiation;Client Relationship;Market Analysis","Accompagne les clients dans leurs projets immobiliers et conclut les ventes.","CRS;ABR"
"Real Estate Agent","Property Listing;Market Research;CRM;Negotiation;Client Management","Évalue les biens, conseille les clients et finalise les transactions immobilières.","Certified Residential Specialist"
"Real Estate Agent","Client Relationship;Property Sales;CRM;Negotiation;Market Analysis","Développe un portefeuille client et accompagne chaque transaction immobilière.","ABR"
"Real Estate Agent","Property Marketing;CRM;Negotiation;Client Consultation;Market Analysis","Gère la commercialisation et les ventes de biens immobiliers.","CRS"
"Sales Development Representative","Lead Generation;CRM;Cold Calling;Email Outreach;Prospecting;B2B Sales","Identifie et qualifie de nouveaux prospects pour alimenter le pipeline commercial.","HubSpot Sales Software Certification;Certified Sales Professional"
"Sales Development Representative","CRM;Prospecting;Lead Qualification;Cold Calling;Email Outreach;Sales Strategy","Supporte l’équipe commerciale en générant des opportunités de vente qualifiées.","Certified Sales Professional"
"Sales Development Representative","Lead Generation;CRM;Cold Calling;Email Outreach;B2B Sales;Sales Pipeline Management","Contacte et qualifie les prospects afin d’assurer un flux constant d’opportunités commerciales.","HubSpot Sales Software Certification"
"Sales Development Representative","CRM;Lead Management;Cold Calling;Email Outreach;Prospecting;B2B Sales","Prospecte de nouveaux clients et prépare des rendez-vous pour l’équipe commerciale.","Certified Sales Professional"
"Sales Development Representative","Lead Generation;CRM;Sales Prospecting;Email Outreach;Cold Calling;B2B Sales","Identifie de nouvelles opportunités et nourrit le pipeline commercial.","HubSpot Sales Software Certification"
"Sales Development Representative","CRM;Lead Qualification;Cold Calling;Email Outreach;Prospecting;B2B Sales","Assure la prospection et la qualification des prospects pour l’équipe de vente.","Certified Sales Professional"
"Sales Development Representative","Lead Generation;CRM;Cold Calling;Email Outreach;Sales Prospecting;B2B Sales","Supporte la croissance commerciale en alimentant le pipeline de vente avec des leads qualifiés.","HubSpot Sales Software Certification"
"Sales Development Representative","CRM;Lead Management;Cold Calling;Email Outreach;Prospecting;B2B Sales","Prospecte et qualifie de nouveaux comptes pour maximiser les ventes.","Certified Sales Professional"
"Sales Development Representative","Lead Generation;CRM;Sales Prospecting;Email Outreach;Cold Calling;B2B Sales","Identifie et qualifie les prospects afin d’alimenter le pipeline commercial.","HubSpot Sales Software Certification"
"Sales Development Representative","CRM;Lead Qualification;Cold Calling;Email Outreach;Prospecting;B2B Sales","Génère et qualifie des opportunités pour soutenir l’équipe commerciale.","Certified Sales Professional"
"Marketing Specialist","SEO;Content Marketing;Social Media;Google Analytics;Email Marketing;Campaign Management","Conçoit et met en œuvre des campagnes marketing pour accroître la visibilité et l’engagement.","Google Analytics Certification;HubSpot Content Marketing Certification"
"Marketing Specialist","Social Media;SEO;Email Marketing;Content Creation;Analytics;Campaign Management","Développe des stratégies marketing et analyse les performances des campagnes.","HubSpot Content Marketing Certification"
"Marketing Specialist","Content Marketing;SEO;Social Media;Email Campaigns;Google Analytics;Marketing Strategy","Réalise des campagnes marketing ciblées et analyse les résultats.","Google Analytics Certification"
"Marketing Specialist","SEO;Social Media;Content Creation;Email Marketing;Campaign Management","Optimise les campagnes marketing pour atteindre les objectifs de conversion.","HubSpot Content Marketing Certification"
"Marketing Specialist","Email Marketing;SEO;Social Media;Content Marketing;Analytics;Campaign Management","Crée et supervise des campagnes marketing multi-canaux pour maximiser l’impact.","Google Analytics Certification"
"Marketing Specialist","Content Marketing;SEO;Social Media;Email Campaigns;Analytics;Campaign Management","Développe des contenus et stratégies pour augmenter la notoriété de la marque.","HubSpot Content Marketing Certification"
"Marketing Specialist","SEO;Social Media;Content Marketing;Email Marketing;Google Analytics;Campaign Planning","Analyse le marché et optimise les campagnes marketing pour le ROI.","Google Analytics Certification"
"Marketing Specialist","Content Marketing;SEO;Social Media;Email Campaigns;Analytics;Marketing Tools","Gère les campagnes marketing et assure le suivi des performances.","HubSpot Content Marketing Certification"
"Marketing Specialist","SEO;Social Media;Content Creation;Email Marketing;Analytics;Campaign Management","Conçoit et optimise des campagnes marketing digitales.","Google Analytics Certification"
"Marketing Specialist","Content Marketing;SEO;Social Media;Email Campaigns;Analytics;Marketing Strategy","Analyse et améliore les stratégies marketing pour maximiser l’engagement.","HubSpot Content Marketing Certification"
"Marketing Manager","Marketing Strategy;Team Leadership;SEO;Campaign Management;Analytics;Budget Management","Développe et supervise les stratégies marketing pour atteindre les objectifs commerciaux.","Certified Marketing Manager (CMM);HubSpot Marketing Software Certification"
"Marketing Manager","Team Leadership;Marketing Strategy;Content Marketing;SEO;Analytics;Campaign Planning","Coordonne les campagnes marketing et optimise la performance des équipes.","CMM;Google Analytics Certification"
"Marketing Manager","Marketing Strategy;Campaign Management;SEO;Analytics;Team Leadership;Budget Planning","Supervise la planification et l’exécution des campagnes marketing.","HubSpot Marketing Software Certification"
"Marketing Manager","Team Leadership;Marketing Strategy;Content Marketing;SEO;Analytics;Budget Management","Gère l’équipe marketing et développe des stratégies pour la croissance de l’entreprise.","Certified Marketing Manager"
"Marketing Manager","Marketing Strategy;SEO;Content Marketing;Analytics;Campaign Management;Team Leadership","Élabore des plans marketing et suit les indicateurs de performance.","HubSpot Marketing Software Certification"
"Marketing Manager","Team Leadership;Marketing Strategy;Campaign Planning;SEO;Analytics;Budget Management","Supervise et optimise les campagnes marketing pour maximiser le ROI.","CMM;Google Analytics Certification"
"Marketing Manager","Marketing Strategy;Content Marketing;SEO;Analytics;Team Leadership;Campaign Management","Développe des stratégies marketing efficaces et supervise leur mise en œuvre.","Certified Marketing Manager (CMM)"
"Marketing Manager","Team Leadership;Marketing Strategy;SEO;Content Marketing;Campaign Management;Analytics","Gère l’équipe et coordonne les campagnes pour atteindre les objectifs marketing.","HubSpot Marketing Software Certification"
"Marketing Manager","Marketing Strategy;SEO;Content Marketing;Analytics;Team Leadership;Budget Planning","Supervise les initiatives marketing et optimise les performances globales.","Certified Marketing Manager"
"Marketing Manager","Team Leadership;Marketing Strategy;Campaign Management;SEO;Analytics;Content Marketing","Élabore et implémente des stratégies marketing pour améliorer la visibilité et la performance.","CMM;Google Analytics Certification"
"SEO Specialist","SEO;Keyword Research;On-page Optimization;Google Analytics;Link Building","Optimise la visibilité des sites web sur les moteurs de recherche en améliorant le référencement naturel.","SEO Professional Certification;Google Analytics Certification"
"SEO Specialist","Technical SEO;Site Audits;Page Speed Optimization;Search Console;Analytics","Analyse et corrige les problèmes techniques impactant le référencement des sites.","Technical SEO Certification;Google Search Console Certification"
"SEO Specialist","Content SEO;Keyword Strategy;SEO Writing;Analytics;CMS","Travaille avec les équipes contenu pour améliorer le positionnement organique.","SEO Content Certification;Content Marketing Certificate"
"SEO Specialist","Backlink Strategy;Off-page SEO;Competitor Analysis;Analytics","Développe des stratégies de netlinking pour renforcer l’autorité du site.","Link Building Certification;SEO Professional"
"SEO Specialist","SEO Audits;Reporting;KPIs;Analytics;Optimization","Réalise des audits SEO réguliers et propose des plans d’amélioration.","SEO Audit Certification;Google Analytics Certification"
"SEO Specialist","Local SEO;Google Business Profile;NAP Optimization;Analytics","Optimise la visibilité locale des entreprises sur les moteurs de recherche.","Local SEO Certification;Google Business Certification"
"SEO Specialist","E-commerce SEO;Product Pages;Schema Markup;Analytics","Améliore le référencement des boutiques en ligne et des fiches produits.","E-commerce SEO Certification;SEO Professional"
"SEO Specialist","Mobile SEO;Responsive Design;Page Speed;Analytics","Optimise les performances SEO sur les supports mobiles.","Mobile SEO Certification;Digital Marketing Certificate"
"SEO Specialist","International SEO;Hreflang;Market Research;Analytics","Met en place des stratégies SEO adaptées aux marchés internationaux.","International SEO Certification;Global Marketing Certificate"
"SEO Specialist","SEO Tools;Ahrefs;SEMrush;Analytics;Reporting","Utilise des outils SEO avancés pour analyser et optimiser les performances.","SEO Tools Certification;Analytics Professional"
"SEO Specialist","Content Optimization;Meta Tags;Internal Linking;Analytics","Optimise les contenus existants pour améliorer leur classement.","On-page SEO Certification;SEO Professional"
"SEO Specialist","Search Intent Analysis;Keyword Mapping;Analytics","Analyse l’intention de recherche afin d’aligner le contenu avec les attentes des utilisateurs.","SEO Strategy Certification;Content SEO Certificate"
"SEO Specialist","SEO Monitoring;Rank Tracking;Analytics;Reporting","Suit l’évolution des positions et ajuste les actions SEO.","SEO Monitoring Certification;Google Analytics"
"SEO Specialist","Core Web Vitals;UX Basics;Performance Optimization;Analytics","Améliore l’expérience utilisateur pour renforcer le référencement.","Core Web Vitals Certification;UX Fundamentals"
"SEO Specialist","SEO Strategy;Planning;Execution;Analytics","Définit et met en œuvre la stratégie SEO globale de l’entreprise.","SEO Strategy Professional;PCM"
"SEO Specialist","SEO Content Audits;Optimization;Analytics;Reporting","Analyse la performance des contenus SEO et propose des optimisations.","Content SEO Audit Certification;SEO Professional"
"SEO Specialist","Voice Search SEO;Natural Language Optimization;Analytics","Optimise les contenus pour la recherche vocale.","Voice Search SEO Certification;Digital Marketing Certificate"
"SEO Specialist","Schema Markup;Structured Data;Rich Snippets;Analytics","Implémente des données structurées pour améliorer l’affichage des résultats.","Structured Data Certification;SEO Technical"
"SEO Specialist","SEO Training;Documentation;Knowledge Sharing","Forme les équipes internes aux bonnes pratiques SEO.","SEO Trainer Certification;Digital Marketing Professional"
"SEO Specialist","SEO Innovation;Algorithm Updates;Testing;Analytics","Anticipe les évolutions des algorithmes des moteurs de recherche.","Advanced SEO Certification;Search Engine Marketing Certificate"
"SEO Specialist","SEO Project Management;Planning;Coordination;Analytics","Coordonne les projets SEO avec les équipes techniques et marketing.","SEO Project Management Certification;Agile Marketing"
"SEO Specialist","Content Gap Analysis;Competitive SEO;Analytics","Identifie les opportunités de contenu face à la concurrence.","Competitive SEO Certification;SEO Professional"
"SEO Specialist","SEO Reporting;Dashboards;KPIs;Analytics","Produit des rapports clairs sur les performances SEO.","SEO Reporting Certification;Data Visualization"
"SEO Specialist","SEO Compliance;Best Practices;Guidelines;Analytics","Assure le respect des bonnes pratiques SEO et des règles des moteurs.","SEO Compliance Certification;Digital Ethics"
"SEO Specialist","SEO Automation;Tools Integration;Analytics","Automatise certaines tâches SEO pour gagner en efficacité.","SEO Automation Certification;MarTech Certificate"
"SEO Specialist","Image SEO;Alt Tags;Compression;Analytics","Optimise les images pour améliorer le référencement et la performance.","Image SEO Certification;Web Optimization"
"SEO Specialist","Video SEO;YouTube Optimization;Analytics","Optimise les contenus vidéo pour les moteurs de recherche.","Video SEO Certification;Content Marketing"
"SEO Specialist","SEO Performance Analysis;ROI;Analytics","Mesure l’impact du SEO sur les performances business.","SEO Performance Certification;Analytics Professional"
"SEO Specialist","SEO Documentation;Guidelines;Process Optimization","Documente les processus SEO pour assurer la cohérence des actions.","SEO Documentation Certification;Process Management"
"SEO Specialist","SEO Collaboration;Cross-team Communication;Analytics","Travaille en étroite collaboration avec les équipes IT et marketing.","SEO Collaboration Certification;Agile Teamwork"
"SEO Specialist","SEO Risk Management;Penalty Recovery;Analytics","Gère les pénalités et risques liés au référencement.","SEO Penalty Recovery Certification;Search Engine Compliance"
"SEO Specialist","SEO Trend Analysis;Market Research;Analytics","Analyse les tendances SEO pour rester compétitif.","SEO Trend Analysis Certification;Digital Strategy"
"SEO Specialist","SEO Benchmarking;Performance Comparison;Analytics","Compare les performances SEO avec celles des concurrents.","SEO Benchmarking Certification;Analytics Professional"
"SEO Specialist","SEO Testing;A/B Testing;Analytics","Teste différentes optimisations pour améliorer les résultats SEO.","SEO Testing Certification;CRO Certificate"
"SEO Specialist","SEO Content Planning;Editorial SEO;Analytics","Planifie les contenus en fonction des objectifs SEO.","Editorial SEO Certification;Content Strategy"
"SEO Specialist","SEO Governance;Policies;Compliance","Met en place des règles de gouvernance SEO.","SEO Governance Certification;Digital Compliance"
"SEO Specialist","SEO Continuous Improvement;Optimization;Analytics","Améliore en continu les performances SEO du site.","Continuous Improvement Certification;SEO Professional"
"SEO Specialist","SEO Data Analysis;Insights;Reporting","Analyse les données SEO pour générer des insights actionnables.","SEO Data Analysis Certification;Data Analytics"
"SEO Specialist","SEO Performance Optimization;Technical Fixes;Analytics","Optimise les performances techniques pour renforcer le SEO.","Technical Optimization Certification;SEO Professional"
"SEO Specialist","SEO Innovation Projects;Testing;Analytics","Conduit des projets SEO innovants.","Advanced SEO Innovation Certification;Digital Marketing"
"SEO Specialist","SEO Quality Assurance;Checks;Validation;Analytics","Vérifie la qualité des implémentations SEO.","SEO QA Certification;Web Quality"
"Product Marketing Manager","Product Positioning;Go-to-Market Strategy;Market Research;Analytics","Définit le positionnement produit et pilote les lancements.","Product Marketing Certification;PCM"
"Product Marketing Manager","Customer Insights;Persona Development;Market Analysis;Analytics","Analyse les besoins clients pour orienter la stratégie produit.","Customer Insight Certification;Product Strategy"
"Product Marketing Manager","Product Messaging;Value Proposition;Storytelling","Conçoit les messages clés valorisant les produits.","Product Messaging Certification;Brand Strategy"
"Product Marketing Manager","Go-to-Market Planning;Launch Management;Coordination","Coordonne les équipes lors des lancements produits.","Go-to-Market Certification;Agile Marketing"
"Product Marketing Manager","Competitive Analysis;Market Intelligence;Analytics","Analyse la concurrence pour affiner la stratégie produit.","Competitive Intelligence Certification;Product Marketing"
"Product Marketing Manager","Pricing Strategy;Revenue Analysis;Market Research","Définit les stratégies de prix en lien avec le marché.","Pricing Strategy Certification;Revenue Management"
"Product Marketing Manager","Product Lifecycle Management;Roadmapping;Analytics","Gère le cycle de vie complet des produits.","PLM Certification;Product Management"
"Product Marketing Manager","Sales Enablement;Training Materials;Collaboration","Fournit aux équipes commerciales les outils nécessaires.","Sales Enablement Certification;Product Marketing"
"Product Marketing Manager","Product Launch Campaigns;Planning;Execution","Pilote les campagnes marketing liées aux lancements.","Launch Marketing Certification;Digital Marketing"
"Product Marketing Manager","Customer Feedback Analysis;Surveys;Analytics","Exploite les retours clients pour améliorer les produits.","Customer Feedback Certification;Analytics Professional"
"Product Marketing Manager","Product Analytics;KPIs;Performance Tracking","Suit la performance des produits sur le marché.","Product Analytics Certification;Data Analytics"
"Product Marketing Manager","Cross-functional Collaboration;Communication;Alignment","Travaille avec les équipes produit, sales et marketing.","Cross-functional Leadership Certification;Agile Teams"
"Product Marketing Manager","Product Storytelling;Content Strategy;Branding","Raconte l’histoire du produit pour séduire les clients.","Product Storytelling Certification;Content Marketing"
"Product Marketing Manager","Market Segmentation;Targeting;Positioning","Segmente le marché pour cibler les bonnes audiences.","Market Segmentation Certification;Marketing Strategy"
"Product Marketing Manager","Product Differentiation;Value Analysis;Strategy","Met en avant les avantages compétitifs des produits.","Product Differentiation Certification;Competitive Strategy"
"Product Marketing Manager","Product Adoption Strategy;User Onboarding;Analytics","Augmente l’adoption produit auprès des utilisateurs.","Product Adoption Certification;Growth Marketing"
"Product Marketing Manager","Product Evangelism;Presentations;Public Speaking","Représente le produit lors d’événements et démonstrations.","Product Evangelism Certification;Public Speaking"
"Product Marketing Manager","Product Roadmap Alignment;Planning;Stakeholder Management","Aligne la roadmap produit avec la stratégie marketing.","Product Roadmap Certification;Stakeholder Management"
"Product Marketing Manager","Market Validation;Testing;Analytics","Valide les hypothèses marché avant le lancement.","Market Validation Certification;Lean Marketing"
"Product Marketing Manager","Product Marketing Operations;Process Optimization","Optimise les processus de marketing produit.","Marketing Operations Certification;Process Improvement"
"Email Marketing Specialist","Email Campaign Design;Copywriting;Segmentation;Analytics","Conçoit et gère des campagnes emailing performantes.","Email Marketing Certification;HubSpot Marketing"
"Email Marketing Specialist","Marketing Automation;CRM;Workflow Design;Analytics","Automatise les campagnes email pour améliorer la conversion.","Marketing Automation Certification;CRM Marketing"
"Email Marketing Specialist","Email Deliverability;Spam Compliance;Optimization","Optimise la délivrabilité des emails.","Email Deliverability Certification;Digital Compliance"
"Email Marketing Specialist","A/B Testing;Subject Line Optimization;Analytics","Teste et améliore les performances des campagnes email.","A/B Testing Certification;CRO"
"Email Marketing Specialist","Email Copywriting;Brand Voice;Personalization","Rédige des contenus email adaptés à chaque audience.","Email Copywriting Certification;Content Marketing"
"Email Marketing Specialist","List Management;Data Hygiene;Segmentation","Gère et segmente les bases de contacts.","List Management Certification;Data Quality"
"Email Marketing Specialist","Email Analytics;KPIs;Reporting","Analyse les performances des campagnes emailing.","Email Analytics Certification;Google Analytics"
"Email Marketing Specialist","Customer Journey Mapping;Lifecycle Emails;Automation","Met en place des emails transactionnels et relationnels.","Customer Journey Certification;Lifecycle Marketing"
"Email Marketing Specialist","Email Design;Responsive Templates;UX Basics","Conçoit des templates email adaptés au mobile.","Email Design Certification;UX Fundamentals"
"Email Marketing Specialist","Compliance;GDPR;Opt-in Management","Assure la conformité réglementaire des campagnes email.","GDPR Marketing Certification;Email Compliance"
"Email Marketing Specialist","Campaign Planning;Scheduling;Execution","Planifie et déploie les campagnes emailing.","Campaign Management Certification;Digital Marketing"
"Email Marketing Specialist","Personalization Strategies;Dynamic Content;Analytics","Personnalise les emails pour améliorer l’engagement.","Email Personalization Certification;Marketing Automation"
"Email Marketing Specialist","CRM Integration;Data Sync;Automation","Intègre l’email marketing avec les outils CRM.","CRM Integration Certification;MarTech"
"Email Marketing Specialist","Email Performance Optimization;Testing;Analytics","Optimise les taux d’ouverture et de clics.","Email Optimization Certification;CRO"
"Email Marketing Specialist","Transactional Emails;Triggers;Automation","Gère les emails transactionnels automatisés.","Transactional Email Certification;Automation Professional"
"Email Marketing Specialist","Newsletter Management;Editorial Planning;Analytics","Produit et diffuse des newsletters régulières.","Newsletter Marketing Certification;Content Strategy"
"Email Marketing Specialist","Email Retention Strategy;Engagement;Analytics","Développe des stratégies de fidélisation par email.","Retention Marketing Certification;CRM Marketing"
"Email Marketing Specialist","Email Reporting Dashboards;Data Visualization","Crée des rapports clairs sur les campagnes email.","Email Reporting Certification;Data Visualization"
"Email Marketing Specialist","Email Marketing Tools;Platform Management;Analytics","Administre les plateformes d’email marketing.","Email Tools Certification;MarTech"
"Email Marketing Specialist","Email Innovation;New Formats;Testing","Teste de nouveaux formats et approches emailing.","Email Innovation Certification;Digital Marketing"
"Customer Service Representative","Customer Support;Communication;Problem Solving;CRM","Assiste les clients en répondant à leurs demandes et réclamations.","Customer Service Certification;CRM Fundamentals"
"Customer Service Representative","Call Handling;Active Listening;Conflict Resolution","Gère les appels clients avec professionnalisme.","Call Center Certification;Customer Care"
"Customer Service Representative","Email Support;Written Communication;Ticketing Systems","Traite les demandes clients par email.","Email Support Certification;Customer Service Professional"
"Customer Service Representative","Live Chat Support;Multitasking;CRM","Assure l’assistance client via chat en ligne.","Live Chat Support Certification;Digital Customer Care"
"Customer Service Representative","Customer Satisfaction;Service Quality;Feedback Management","Veille à la satisfaction et à la fidélisation des clients.","Customer Satisfaction Certification;CX Professional"
"Customer Service Representative","Product Knowledge;Troubleshooting;Communication","Explique les produits et résout les problèmes clients.","Product Knowledge Certification;Customer Support"
"Customer Service Representative","Complaint Management;De-escalation;Communication","Gère les situations conflictuelles avec les clients.","Conflict Management Certification;Customer Care"
"Customer Service Representative","CRM Usage;Data Entry;Case Management","Met à jour les informations clients dans le CRM.","CRM User Certification;Data Management"
"Customer Service Representative","Customer Follow-up;Relationship Building;Communication","Assure le suivi des demandes clients.","Customer Relationship Certification;Service Excellence"
"Customer Service Representative","Service Reporting;KPIs;Quality Monitoring","Analyse la qualité du service client.","Service Quality Certification;Analytics Basics"
"Customer Service Representative","Multichannel Support;Phone;Email;Chat","Intervient sur plusieurs canaux de support client.","Multichannel Support Certification;Digital Service"
"Customer Service Representative","Customer Retention;Loyalty Programs;Communication","Contribue à la fidélisation des clients.","Customer Retention Certification;CRM Marketing"
"Customer Service Representative","Service Process Improvement;Feedback Analysis","Propose des améliorations des processus de support.","Service Improvement Certification;Lean Service"
"Customer Service Representative","Customer Education;Guides;Tutorials","Aide les clients à mieux utiliser les produits.","Customer Education Certification;Product Training"
"Customer Service Representative","Customer Data Protection;Confidentiality;Compliance","Respecte la confidentialité et la protection des données clients.","Data Protection Certification;GDPR Basics"
"Customer Service Representative","Service Team Collaboration;Internal Communication","Travaille en collaboration avec les équipes internes.","Teamwork Certification;Service Collaboration"
"Customer Service Representative","Customer Experience Optimization;Journey Analysis","Améliore l’expérience client globale.","CX Optimization Certification;Customer Experience"
"Customer Service Representative","Service Metrics Tracking;Analytics;Reporting","Suit les indicateurs de performance du support.","Service Analytics Certification;Reporting Basics"
"Customer Service Representative","Customer Support Tools;Ticketing Systems;CRM","Utilise les outils de support client.","Support Tools Certification;CRM Professional"
"Customer Service Representative","Service Innovation;Process Testing;Feedback","Participe à l’innovation des services clients.","Service Innovation Certification;Digital Service"
"Technical Support Agent","Troubleshooting;Customer Support;Ticketing Systems;Networking;Windows/Linux;Problem Solving","Fournit un support technique aux clients et résout les problèmes logiciels ou matériels.","CompTIA A+;HDI Support Center Analyst"
"Technical Support Agent","Customer Support;Troubleshooting;Networking;Ticketing Systems;Windows;Problem Resolution","Diagnostique et résout les problèmes techniques rencontrés par les utilisateurs.","CompTIA A+;ITIL Foundation"
"Technical Support Agent","Ticketing Systems;Troubleshooting;Customer Support;Networking;Windows/Linux;Problem Solving","Assure la résolution rapide des incidents techniques et le suivi des tickets.","HDI Support Center Analyst;CompTIA A+"
"Technical Support Agent","Customer Support;Troubleshooting;Networking;Windows;Ticketing Systems;Problem Solving","Fournit une assistance technique aux clients pour garantir la continuité des services.","CompTIA A+;ITIL Foundation"
"Technical Support Agent","Troubleshooting;Ticketing Systems;Customer Support;Networking;Windows/Linux;Problem Resolution","Diagnostique et corrige les problèmes techniques sur différents systèmes.","HDI Support Center Analyst"
"Technical Support Agent","Customer Support;Networking;Troubleshooting;Ticketing Systems;Windows;Problem Solving","Gère les demandes techniques et fournit des solutions efficaces aux utilisateurs.","CompTIA A+"
"Technical Support Agent","Ticketing Systems;Troubleshooting;Customer Support;Windows/Linux;Networking;Problem Resolution","Assure le suivi des incidents et aide les utilisateurs à résoudre leurs problèmes.","ITIL Foundation"
"Technical Support Agent","Customer Support;Troubleshooting;Networking;Windows;Ticketing Systems;Problem Solving","Résout les problèmes logiciels et matériels des clients et documente les solutions.","CompTIA A+;HDI Support Center Analyst"
"Technical Support Agent","Troubleshooting;Ticketing Systems;Networking;Customer Support;Windows/Linux;Problem Resolution","Assiste les utilisateurs et assure un support technique de qualité.","HDI Support Center Analyst"
"Technical Support Agent","Customer Support;Networking;Troubleshooting;Ticketing Systems;Windows;Problem Solving","Diagnostique, corrige et documente les incidents techniques pour les clients.","CompTIA A+;ITIL Foundation"
"Customer Success Manager","Customer Relationship Management;Account Management;CRM;Onboarding;Customer Retention;Communication","Assure la satisfaction client, fidélise les comptes et accompagne les clients dans l’adoption des produits.","Customer Success Manager Certification;HubSpot Customer Success Certification"
"Customer Success Manager","CRM;Customer Retention;Account Management;Communication;Onboarding;Problem Solving","Développe des relations durables avec les clients et optimise leur expérience.","Certified Customer Success Manager"
"Customer Success Manager","Customer Relationship Management;Onboarding;CRM;Account Management;Communication;Customer Retention","Accompagne les clients pour maximiser la valeur et réduire le churn.","HubSpot Customer Success Certification"
"Customer Success Manager","CRM;Customer Retention;Communication;Account Management;Onboarding;Problem Solving","Supervise le succès client et met en place des stratégies de fidélisation.","Customer Success Manager Certification"
"Customer Success Manager","Customer Relationship Management;CRM;Account Management;Onboarding;Communication;Customer Retention","Assure la satisfaction et la fidélisation des clients en optimisant leur parcours.","Certified Customer Success Manager"
"Customer Success Manager","CRM;Account Management;Customer Retention;Communication;Onboarding;Problem Solving","Coordonne les initiatives pour maximiser la réussite des clients.","HubSpot Customer Success Certification"
"Customer Success Manager","Customer Relationship Management;CRM;Onboarding;Account Management;Communication;Customer Retention","Fidélise les clients et améliore leur expérience avec les produits et services.","Customer Success Manager Certification"
"Customer Success Manager","CRM;Customer Retention;Account Management;Communication;Onboarding;Problem Solving","Assure le suivi client et la réussite de l’utilisation des produits.","Certified Customer Success Manager"
"Customer Success Manager","Customer Relationship Management;CRM;Account Management;Communication;Onboarding;Customer Retention","Gère les comptes clients et accompagne leur adoption pour garantir la satisfaction.","HubSpot Customer Success Certification"
"Customer Success Manager","CRM;Customer Retention;Communication;Account Management;Onboarding;Problem Solving","Supervise les clients clés et développe leur fidélisation et satisfaction.","Certified Customer Success Manager"
"Client Support Specialist","Customer Support;CRM;Troubleshooting;Communication;Ticketing Systems;Problem Solving","Assure le support client et résout efficacement les problèmes techniques ou fonctionnels.","CompTIA A+;HDI Support Center Analyst"
"Client Support Specialist","Customer Support;Troubleshooting;Ticketing Systems;CRM;Communication;Problem Resolution","Gère les demandes clients et fournit des solutions rapides et pertinentes.","ITIL Foundation;CompTIA A+"
"Client Support Specialist","CRM;Customer Support;Troubleshooting;Ticketing Systems;Communication;Problem Solving","Assiste les clients, documente les incidents et assure le suivi des tickets.","HDI Support Center Analyst"
"Client Support Specialist","Customer Support;Troubleshooting;CRM;Ticketing Systems;Communication;Problem Resolution","Résout les problèmes des clients et améliore leur expérience avec les produits.","CompTIA A+;ITIL Foundation"
"Client Support Specialist","CRM;Customer Support;Ticketing Systems;Troubleshooting;Communication;Problem Solving","Fournit un support technique et fonctionnel pour les clients.","HDI Support Center Analyst"
"Client Support Specialist","Customer Support;Troubleshooting;CRM;Ticketing Systems;Communication;Problem Resolution","Gère les incidents clients et assure la satisfaction et fidélisation.","CompTIA A+"
"Client Support Specialist","CRM;Customer Support;Ticketing Systems;Troubleshooting;Communication;Problem Solving","Assiste les clients et documente toutes les interactions et solutions.","ITIL Foundation"
"Client Support Specialist","Customer Support;Troubleshooting;CRM;Ticketing Systems;Communication;Problem Resolution","Assure un support client efficace et résout rapidement les incidents.","HDI Support Center Analyst"
"Client Support Specialist","CRM;Customer Support;Troubleshooting;Ticketing Systems;Communication;Problem Solving","Résout les problèmes techniques et fonctionnels pour les clients.","CompTIA A+;ITIL Foundation"
"Client Support Specialist","Customer Support;Troubleshooting;CRM;Ticketing Systems;Communication;Problem Resolution","Assure le suivi et la résolution des demandes clients en temps opportun.","HDI Support Center Analyst"
"Help Desk Technician","Troubleshooting;Windows/Linux;Networking;Ticketing Systems;Customer Support;Problem Solving","Fournit une assistance technique de premier niveau et résout les incidents informatiques.","CompTIA A+;Microsoft Certified: Modern Desktop Administrator Associate"
"Help Desk Technician","Customer Support;Troubleshooting;Ticketing Systems;Networking;Windows/Linux;Problem Resolution","Diagnostique et corrige les problèmes matériels et logiciels des utilisateurs.","CompTIA A+"
"Help Desk Technician","Ticketing Systems;Troubleshooting;Customer Support;Networking;Windows/Linux;Problem Solving","Gère les incidents et demandes des utilisateurs via le système de tickets.","HDI Support Center Analyst"
"Help Desk Technician","Troubleshooting;Windows/Linux;Networking;Customer Support;Ticketing Systems;Problem Resolution","Assiste les utilisateurs et documente les résolutions pour les problèmes techniques.","CompTIA A+;Microsoft Certified"
"Help Desk Technician","Customer Support;Troubleshooting;Ticketing Systems;Networking;Windows/Linux;Problem Solving","Fournit un support technique rapide et efficace aux utilisateurs finaux.","HDI Support Center Analyst"
"Help Desk Technician","Troubleshooting;Networking;Windows/Linux;Ticketing Systems;Customer Support;Problem Resolution","Résout les incidents informatiques et assure le suivi des tickets jusqu’à résolution.","CompTIA A+"
"Help Desk Technician","Ticketing Systems;Troubleshooting;Customer Support;Networking;Windows/Linux;Problem Solving","Gère les demandes d’assistance et fournit des solutions techniques aux utilisateurs.","HDI Support Center Analyst"
"Help Desk Technician","Customer Support;Troubleshooting;Networking;Ticketing Systems;Windows/Linux;Problem Resolution","Assiste les utilisateurs et maintient les systèmes informatiques opérationnels.","CompTIA A+;Microsoft Certified"
"Help Desk Technician","Troubleshooting;Ticketing Systems;Customer Support;Networking;Windows/Linux;Problem Solving","Diagnostique et résout les problèmes techniques rencontrés par les utilisateurs.","HDI Support Center Analyst"
"Help Desk Technician","Customer Support;Troubleshooting;Networking;Windows/Linux;Ticketing Systems;Problem Resolution","Assure le support technique et la maintenance des postes de travail et réseaux.","CompTIA A+"
"Help Desk Technician","Troubleshooting;Networking;Windows/Linux;Customer Support;Ticketing Systems;Problem Solving","Fournit une assistance technique de qualité et résout les problèmes informatiques des utilisateurs.","HDI Support Center Analyst"
"Help Desk Technician","Customer Support;Troubleshooting;Networking;Windows/Linux;Ticketing Systems;Problem Resolution","Gère les incidents informatiques et assure la satisfaction des utilisateurs.","CompTIA A+;Microsoft Certified"
"Help Desk Technician","Troubleshooting;Ticketing Systems;Customer Support;Networking;Windows/Linux;Problem Solving","Assiste les utilisateurs et documente les solutions pour les problèmes techniques.","HDI Support Center Analyst"
"Help Desk Technician","Customer Support;Troubleshooting;Networking;Windows/Linux;Ticketing Systems;Problem Resolution","Fournit un support technique efficace et résout les incidents informatiques.","CompTIA A+"
"Help Desk Technician","Troubleshooting;Networking;Windows/Linux;Customer Support;Ticketing Systems;Problem Resolution","Assure le support technique et la maintenance des systèmes informatiques.","HDI Support Center Analyst"
"Help Desk Technician","Customer Support;Troubleshooting;Networking;Windows/Linux;Ticketing Systems;Problem Solving","Gère les demandes d’assistance et résout les problèmes techniques des utilisateurs.","CompTIA A+;Microsoft Certified"
"Help Desk Technician","Troubleshooting;Networking;Windows/Linux;Customer Support;Ticketing Systems;Problem Resolution","Assure le support technique et la satisfaction des utilisateurs finaux.","HDI Support Center Analyst"
"Help Desk Technician","Customer Support;Troubleshooting;Networking;Windows/Linux;Ticketing Systems;Problem Solving","Fournit une assistance technique de qualité et résout les problèmes informatiques des utilisateurs.","CompTIA A+;Microsoft Certified"
"Help Desk Technician","Troubleshooting;Networking;Windows/Linux;Customer Support;Ticketing Systems;Problem Resolution","Assure le support technique et la maintenance des systèmes informatiques.","HDI Support Center Analyst"
"Recruiter","Candidate Sourcing;Interviewing;ATS;Networking;Onboarding;Communication","Identifie, évalue et recrute les candidats pour répondre aux besoins de l’entreprise.","Professional in Human Resources (PHR);LinkedIn Recruiter Certification"
"Recruiter","ATS;Candidate Screening;Interviewing;Networking;Communication;Talent Acquisition","Gère le processus de recrutement et assure l’intégration réussie des nouveaux employés.","PHR;Certified Talent Acquisition Specialist"
"Recruiter","Candidate Sourcing;Interviewing;ATS;Networking;Communication;Onboarding","Cherche et sélectionne les talents adaptés aux postes ouverts.","LinkedIn Recruiter Certification;PHR"
"Recruiter","ATS;Candidate Screening;Networking;Interviewing;Communication;Talent Acquisition","Assure le sourcing, le tri et l’évaluation des candidats.","Certified Talent Acquisition Specialist"
"Recruiter","Candidate Sourcing;ATS;Interviewing;Networking;Communication;Onboarding","Gère le cycle complet du recrutement et l’intégration des nouvelles recrues.","PHR"
"Recruiter","Interviewing;Candidate Sourcing;ATS;Networking;Communication;Talent Acquisition","Prospecte et sélectionne des candidats pour les postes vacants.","LinkedIn Recruiter Certification"
"Recruiter","Candidate Sourcing;ATS;Interviewing;Networking;Communication;Onboarding","Supervise la sélection des candidats et facilite leur intégration.","PHR;Certified Talent Acquisition Specialist"
"Recruiter","ATS;Candidate Screening;Interviewing;Networking;Communication;Talent Acquisition","Identifie et engage les talents pour répondre aux besoins de l’entreprise.","LinkedIn Recruiter Certification"
"Recruiter","Candidate Sourcing;Interviewing;ATS;Networking;Communication;Onboarding","Gère le recrutement de bout en bout et le suivi des candidats.","PHR"
"Recruiter","ATS;Candidate Screening;Interviewing;Networking;Communication;Talent Acquisition","Soutient le département RH en recrutant les meilleurs profils.","Certified Talent Acquisition Specialist"
"Talent Acquisition Specialist","Talent Sourcing;ATS;Candidate Screening;Interviewing;Employer Branding;Networking","Développe des stratégies pour attirer et recruter des talents qualifiés.","Certified Talent Acquisition Specialist;LinkedIn Recruiter Certification"
"Talent Acquisition Specialist","ATS;Candidate Sourcing;Networking;Interviewing;Employer Branding;Communication","Gère le sourcing et la sélection des candidats pour répondre aux besoins de l’entreprise.","LinkedIn Recruiter Certification"
"Talent Acquisition Specialist","Candidate Sourcing;ATS;Interviewing;Networking;Employer Branding;Talent Pipeline Management","Assure le recrutement efficace des meilleurs talents.","Certified Talent Acquisition Specialist"
"Talent Acquisition Specialist","ATS;Candidate Screening;Interviewing;Networking;Employer Branding;Communication","Développe et met en œuvre des stratégies de recrutement ciblées.","LinkedIn Recruiter Certification"
"Talent Acquisition Specialist","Talent Sourcing;ATS;Interviewing;Networking;Employer Branding;Candidate Engagement","Gère le pipeline de talents et optimise l’expérience candidat.","Certified Talent Acquisition Specialist"
"Talent Acquisition Specialist","ATS;Candidate Sourcing;Networking;Interviewing;Employer Branding;Communication","Identifie et attire les candidats adaptés aux postes clés.","LinkedIn Recruiter Certification"
"Talent Acquisition Specialist","Candidate Sourcing;ATS;Interviewing;Networking;Employer Branding;Talent Pipeline Management","Conçoit et exécute des campagnes de recrutement efficaces.","Certified Talent Acquisition Specialist"
"Talent Acquisition Specialist","ATS;Candidate Screening;Interviewing;Networking;Employer Branding;Communication","Gère les relations avec les candidats et facilite le processus de recrutement.","LinkedIn Recruiter Certification"
"Talent Acquisition Specialist","Talent Sourcing;ATS;Interviewing;Networking;Employer Branding;Candidate Engagement","Optimise l’acquisition de talents pour répondre aux besoins de l’entreprise.","Certified Talent Acquisition Specialist"
"Talent Acquisition Specialist","ATS;Candidate Sourcing;Networking;Interviewing;Employer Branding;Communication","Assure le sourcing et la sélection des meilleurs candidats.","LinkedIn Recruiter Certification"
"HR Generalist","Employee Relations;Recruitment;Payroll;HR Policies;Performance Management;HRIS","Gère les activités RH quotidiennes, du recrutement à la gestion des performances.","SHRM Certified Professional (SHRM-CP);PHR"
"HR Generalist","Recruitment;Employee Relations;Payroll;HR Policies;Performance Management;HRIS","Supervise les processus RH et assure le respect des politiques de l’entreprise.","PHR;SHRM-CP"
"HR Generalist","Employee Relations;HR Policies;Recruitment;Payroll;Performance Management;HRIS","Supporte les managers et employés dans toutes les questions RH.","SHRM-CP"
"HR Generalist","Recruitment;Payroll;Employee Relations;Performance Management;HR Policies;HRIS","Gère l’administration du personnel et la conformité réglementaire.","PHR"
"HR Generalist","Employee Relations;Recruitment;HR Policies;Payroll;Performance Management;HRIS","Assure la gestion des employés et le suivi des performances.","SHRM-CP"
"HR Generalist","Recruitment;Employee Relations;Payroll;HRIS;Performance Management;HR Policies","Supporte les activités RH et améliore l’expérience employé.","PHR"
"HR Generalist","Employee Relations;Recruitment;HR Policies;Payroll;Performance Management;HRIS","Gère le recrutement et l’administration des ressources humaines.","SHRM-CP"
"HR Generalist","Recruitment;Payroll;Employee Relations;Performance Management;HR Policies;HRIS","Supervise la mise en œuvre des politiques RH et la gestion des performances.","PHR"
"HR Generalist","Employee Relations;Recruitment;HR Policies;Payroll;Performance Management;HRIS","Assure le suivi administratif et le développement des employés.","SHRM-CP"
"HR Generalist","Recruitment;Employee Relations;Payroll;HR Policies;Performance Management;HRIS","Gère les opérations RH et le support aux employés.","PHR"
"HR Manager","HR Strategy;Employee Relations;Talent Management;Performance Management;Payroll;HRIS","Développe la stratégie RH et supervise toutes les opérations liées aux ressources humaines.","SHRM Senior Certified Professional (SHRM-SCP);PHR"
"HR Manager","HR Strategy;Talent Management;Employee Relations;Performance Management;Payroll;HRIS","Gère l’équipe RH et met en place les politiques pour maximiser l’efficacité organisationnelle.","PHR;SHRM-SCP"
"HR Manager","HR Strategy;Employee Relations;Performance Management;Payroll;Talent Management;HRIS","Supervise la gestion des employés et le développement des talents.","SHRM-SCP"
"HR Manager","HR Strategy;Talent Management;Employee Relations;Performance Management;Payroll;HRIS","Élabore et met en œuvre la stratégie RH pour soutenir la croissance de l’entreprise.","PHR;SHRM-SCP"
"HR Manager","Employee Relations;HR Strategy;Talent Management;Performance Management;Payroll;HRIS","Supervise toutes les activités RH et améliore l’engagement des employés.","SHRM-SCP"
"HR Manager","HR Strategy;Talent Management;Performance Management;Employee Relations;Payroll;HRIS","Dirige l’équipe RH et coordonne la planification stratégique du personnel.","PHR;SHRM-SCP"
"HR Manager","HR Strategy;Employee Relations;Talent Management;Performance Management;Payroll;HRIS","Gère la stratégie et les opérations RH pour assurer la performance et la conformité.","SHRM-SCP"
"HR Manager","HR Strategy;Talent Management;Employee Relations;Performance Management;Payroll;HRIS","Supervise les processus RH et le développement organisationnel.","PHR;SHRM-SCP"
"HR Manager","Employee Relations;HR Strategy;Performance Management;Payroll;Talent Management;HRIS","Développe et supervise les initiatives RH pour soutenir l’entreprise.","SHRM-SCP"
"HR Manager","HR Strategy;Talent Management;Employee Relations;Performance Management;Payroll;HRIS","Coordonne la stratégie RH et supervise l’ensemble des fonctions RH.","PHR;SHRM-SCP"
"HR Director","HR Strategy;Leadership;Talent Management;Labor Law;Change Management","Définit la stratégie RH globale et aligne les politiques humaines avec les objectifs de l’entreprise.","SHRM-SCP;CIPD Level 7"
"HR Director","Organizational Development;Employee Engagement;Leadership;HR Analytics;Communication","Pilote le développement organisationnel et l’engagement des collaborateurs.","CIPD Level 7;Certified HR Executive"
"HR Director","Workforce Planning;Succession Planning;Leadership;Analytics;Strategy","Anticipe les besoins en talents et assure la continuité managériale.","Workforce Planning Certification;SHRM-SCP"
"HR Director","HR Governance;Compliance;Labor Relations;Risk Management","Garantit la conformité des pratiques RH avec les réglementations en vigueur.","HR Compliance Certification;CIPD Level 7"
"HR Director","Talent Acquisition;Employer Branding;Leadership;Recruitment Strategy","Supervise les stratégies de recrutement et de marque employeur.","Talent Management Certification;SHRM-SCP"
"HR Director","Performance Management;KPI Design;Leadership;Coaching","Met en place des systèmes d’évaluation et de performance.","Performance Management Certification;HR Leadership"
"HR Director","Learning and Development;Upskilling;Leadership;Strategy","Développe les compétences et les parcours de formation.","L&D Certification;CIPD Level 7"
"HR Director","Compensation and Benefits;Salary Benchmarking;Leadership;Analytics","Conçoit des politiques de rémunération compétitives et équitables.","Compensation Management Certification;SHRM-SCP"
"HR Director","Employee Relations;Conflict Resolution;Leadership;Communication","Gère les relations sociales et les situations sensibles.","Employee Relations Certification;HR Executive"
"HR Director","HR Digital Transformation;HRIS;Automation;Leadership","Pilote la digitalisation des processus RH.","HR Digital Transformation Certification;CIPD"
"HR Director","Diversity and Inclusion;Policy Design;Leadership;Change Management","Met en œuvre des politiques de diversité et d’inclusion.","Diversity & Inclusion Certification;HR Leadership"
"HR Director","Strategic HR Planning;Business Alignment;Analytics","Aligne la fonction RH avec la stratégie business.","Strategic HR Certification;SHRM-SCP"
"HR Director","HR Budgeting;Financial Planning;Leadership","Gère les budgets RH et optimise les coûts.","HR Finance Certification;CIPD"
"HR Director","Employer Relations;Negotiation;Leadership","Représente l’entreprise auprès des partenaires sociaux.","Labor Relations Certification;HR Executive"
"HR Director","Employee Experience;Journey Mapping;Leadership","Améliore l’expérience collaborateur sur tout le cycle de vie.","Employee Experience Certification;CX Professional"
"HR Director","HR Risk Management;Policy Control;Compliance","Identifie et réduit les risques liés aux ressources humaines.","HR Risk Management Certification;Compliance Professional"
"HR Director","HR Reporting;Dashboards;Analytics","Analyse les indicateurs RH pour aider à la prise de décision.","HR Analytics Certification;Data Analytics"
"HR Director","Change Leadership;Organizational Change;Communication","Accompagne les transformations organisationnelles.","Change Management Certification;Prosci"
"HR Director","HR Ethics;Confidentiality;Governance","Garantit l’éthique et la confidentialité des données RH.","HR Ethics Certification;Compliance"
"HR Director","Global HR Management;International Labor Law;Leadership","Gère les politiques RH dans un contexte international.","Global HR Certification;CIPD Level 7"
"HR Director","HR Policy Design;Documentation;Governance","Élabore et maintient les politiques RH.","HR Policy Certification;Governance Professional"
"HR Director","Executive Coaching;Leadership Development","Accompagne les dirigeants dans leur développement.","Executive Coaching Certification;ICF"
"HR Director","Succession Management;Talent Review;Leadership","Sécurise les postes clés par une gestion proactive des talents.","Succession Planning Certification;HR Leadership"
"HR Director","Employee Wellbeing;Mental Health Programs;Leadership","Développe des programmes de bien-être au travail.","Wellbeing at Work Certification;HR Professional"
"HR Director","HR Communication;Internal Messaging;Leadership","Structure la communication interne RH.","Internal Communication Certification;HR Executive"
"HR Director","HR Process Optimization;Lean HR;Automation","Optimise les processus RH pour plus d’efficacité.","Lean HR Certification;Process Improvement"
"HR Director","HR Audit;Compliance Review;Risk Assessment","Conduit des audits RH internes.","HR Audit Certification;Compliance Professional"
"HR Director","Workplace Culture;Values Definition;Leadership","Développe et renforce la culture d’entreprise.","Culture Management Certification;HR Leadership"
"HR Director","HR Innovation;New Practices;Testing","Introduit des pratiques RH innovantes.","HR Innovation Certification;Digital HR"
"HR Director","HR Vendor Management;Contract Negotiation","Gère les prestataires et partenaires RH.","Vendor Management Certification;Procurement"
"HR Director","HR Data Protection;GDPR;Compliance","Assure la protection des données RH.","GDPR HR Certification;Data Protection"
"HR Director","Employee Lifecycle Management;Onboarding;Offboarding","Supervise tout le cycle de vie collaborateur.","Employee Lifecycle Certification;HR Professional"
"HR Director","HR Strategy Execution;Roadmap;Governance","Déploie la feuille de route RH stratégique.","HR Strategy Certification;SHRM-SCP"
"HR Director","HR Leadership;Team Management;Decision Making","Encadre les équipes RH et prend des décisions stratégiques.","HR Leadership Certification;CIPD"
"HR Director","HR Quality Management;Standards;Continuous Improvement","Assure la qualité des pratiques RH.","Quality Management Certification;HR Professional"
"HR Director","HR Benchmarking;Market Comparison;Analytics","Compare les pratiques RH avec le marché.","HR Benchmarking Certification;Analytics"
"HR Director","HR Knowledge Management;Documentation;Training","Capitalise et diffuse les connaissances RH.","Knowledge Management Certification;HR Professional"
"HR Director","HR Sustainability;CSR;Ethical Practices","Intègre la responsabilité sociale dans la stratégie RH.","CSR Certification;Sustainable HR"
"HR Director","HR Crisis Management;Emergency Planning;Leadership","Gère les situations de crise impactant les ressources humaines.","Crisis Management Certification;HR Executive"
"HR Director","HR Performance Optimization;KPIs;Analytics","Optimise la performance globale de la fonction RH.","HR Performance Certification;Data Analytics"
"HR Director","HR Stakeholder Management;Executive Communication","Collabore avec la direction générale et les managers.","Stakeholder Management Certification;Leadership"
"Career Coach","Career Guidance;Active Listening;Coaching Techniques","Accompagne les individus dans la définition de leur projet professionnel.","Career Coaching Certification;ICF"
"Career Coach","Career Planning;Goal Setting;Motivation","Aide à structurer des plans de carrière réalistes.","Career Planning Certification;Coaching Professional"
"Career Coach","CV Review;Interview Preparation;Communication","Prépare les candidats aux processus de recrutement.","Career Development Certification;HR Coaching"
"Career Coach","Personal Branding;LinkedIn Optimization;Coaching","Développe la visibilité professionnelle des clients.","Personal Branding Certification;Career Coach Pro"
"Career Coach","Skills Assessment;Competency Mapping;Coaching","Identifie les compétences clés et axes d’amélioration.","Skills Assessment Certification;Coaching Professional"
"Career Coach","Career Transition;Change Management;Support","Accompagne les transitions et reconversions professionnelles.","Career Transition Certification;ICF"
"Career Coach","Job Market Analysis;Trends Monitoring;Guidance","Analyse le marché de l’emploi pour orienter les choix.","Labor Market Analysis Certification;Career Coaching"
"Career Coach","Confidence Building;Mindset Coaching;Motivation","Renforce la confiance et la posture professionnelle.","Mindset Coaching Certification;ICF"
"Career Coach","Career Counseling;Ethics;Confidentiality","Fournit un accompagnement confidentiel et éthique.","Career Counseling Certification;Ethics in Coaching"
"Career Coach","Action Planning;Follow-up;Accountability","Suit la progression et ajuste les plans d’action.","Action Planning Certification;Coaching Professional"
"Career Coach","Executive Career Coaching;Leadership Development","Accompagne les cadres dans leur évolution de carrière.","Executive Career Coach Certification;ICF"
"Career Coach","Student Career Guidance;Orientation;Mentoring","Guide les étudiants dans leurs choix professionnels.","Career Guidance Certification;Education Coaching"
"Career Coach","Assessment Tools;Psychometrics;Feedback","Utilise des outils d’évaluation pour orienter les décisions.","Psychometric Tools Certification;Coaching Assessment"
"Career Coach","Networking Strategies;Relationship Building","Aide à développer des réseaux professionnels efficaces.","Networking Coaching Certification;Career Development"
"Career Coach","Career Workshops;Training Delivery;Facilitation","Anime des ateliers collectifs de développement de carrière.","Training Facilitation Certification;Career Coach Pro"
"Career Coach","Career Resilience;Adaptability;Support","Aide à faire face aux changements et incertitudes.","Resilience Coaching Certification;ICF"
"Career Coach","Job Search Strategy;Application Planning","Structure des stratégies de recherche d’emploi.","Job Search Coaching Certification;Career Professional"
"Career Coach","Career Metrics;Progress Tracking;Evaluation","Mesure l’évolution et les résultats de l’accompagnement.","Career Metrics Certification;Analytics Basics"
"Career Coach","Career Ethics;Professional Standards;Compliance","Respecte les standards professionnels du coaching.","Ethics in Coaching Certification;ICF"
"Career Coach","Freelance Career Coaching;Client Management","Accompagne les indépendants dans leur développement.","Freelance Coaching Certification;Business Coaching"
"Career Coach","Career Communication;Storytelling;Pitching","Aide à formuler un discours professionnel impactant.","Career Communication Certification;Public Speaking"
"Career Coach","Career Coaching Tools;Digital Platforms;Automation","Utilise des outils digitaux de coaching.","Digital Coaching Certification;EdTech"
"Career Coach","Career Development Programs;Program Design","Conçoit des programmes d’accompagnement carrière.","Program Design Certification;Career Coaching"
"Career Coach","Career Mentoring;Long-term Guidance","Assure un mentorat sur la durée.","Mentoring Certification;Career Coach Pro"
"Career Coach","Career Evaluation;Feedback Techniques","Fournit des retours constructifs et motivants.","Feedback Coaching Certification;ICF"
"Career Coach","Career Strategy;Vision Definition","Aide à définir une vision professionnelle claire.","Career Strategy Certification;Coaching Professional"
"Career Coach","Career Coaching Analytics;Insights;Reporting","Analyse les données d’accompagnement carrière.","Coaching Analytics Certification;Data Basics"
"Career Coach","Career Motivation;Engagement Techniques","Stimule l’engagement et la motivation des clients.","Motivational Coaching Certification;ICF"
"Career Coach","Career Transition for Executives;Change Support","Accompagne les dirigeants en transition.","Executive Transition Certification;ICF"
"Career Coach","Career Skill Development;Upskilling Guidance","Oriente vers des parcours de montée en compétences.","Upskilling Coaching Certification;L&D"
"Career Coach","Career Coaching Quality Assurance;Standards","Assure la qualité des accompagnements.","Quality Coaching Certification;Professional Coaching"
"Career Coach","Career Coaching Ethics;Confidentiality;Trust","Maintient une relation de confiance avec les clients.","Ethical Coaching Certification;ICF"
"Career Coach","Career Coaching Innovation;New Methods","Teste de nouvelles approches de coaching carrière.","Coaching Innovation Certification;Future Skills"
"Career Coach","Career Coaching Documentation;Progress Records","Documente les parcours et progrès des clients.","Coaching Documentation Certification;Process Management"
"Career Coach","Career Coaching Collaboration;HR Alignment","Collabore avec les équipes RH et recruteurs.","HR Collaboration Certification;Career Coaching"
"Career Coach","Career Coaching Evaluation;Outcome Measurement","Évalue l’impact des accompagnements carrière.","Outcome Measurement Certification;Analytics"
"Career Coach","Career Coaching Leadership;Program Oversight","Supervise des programmes de coaching carrière.","Coaching Leadership Certification;ICF"
"Accountant","General Accounting;Journal Entries;Reconciliations","Gère les opérations comptables courantes.","CPA;ACCA"
"Accountant","Accounts Payable;Invoice Processing;Vendor Management","Traite les factures fournisseurs et paiements.","Accounts Payable Certification;Accounting Fundamentals"
"Accountant","Accounts Receivable;Billing;Collections","Gère la facturation et le suivi des encaissements.","Accounts Receivable Certification;Finance Basics"
"Accountant","Financial Reporting;Balance Sheet;Income Statement","Prépare les états financiers périodiques.","Financial Reporting Certification;ACCA"
"Accountant","Tax Accounting;VAT;Compliance","Assure la conformité fiscale de l’entreprise.","Tax Accounting Certification;CPA"
"Accountant","Payroll Accounting;Salary Processing;Compliance","Gère la comptabilité de la paie.","Payroll Certification;Accounting Professional"
"Accountant","Bank Reconciliation;Cash Management","Effectue les rapprochements bancaires.","Cash Management Certification;Accounting Basics"
"Accountant","Cost Accounting;Expense Tracking;Analysis","Analyse les coûts et dépenses.","Cost Accounting Certification;CMA"
"Accountant","Accounting Software;ERP;Data Entry","Utilise les logiciels comptables.","ERP Accounting Certification;Software Skills"
"Accountant","Financial Controls;Internal Control;Compliance","Met en place des contrôles internes.","Internal Controls Certification;COSO"
"Accountant","Budget Tracking;Variance Analysis","Suit les budgets et écarts.","Budget Management Certification;Finance Professional"
"Accountant","Audit Support;Documentation;Compliance","Assiste les audits internes et externes.","Audit Support Certification;Accounting Professional"
"Accountant","Financial Analysis;Ratio Analysis;Reporting","Analyse les données financières.","Financial Analysis Certification;CFA Level 1"
"Accountant","Fixed Assets Accounting;Depreciation;Registers","Gère les immobilisations.","Fixed Assets Certification;Accounting Professional"
"Accountant","Inventory Accounting;Stock Valuation;Controls","Assure la valorisation des stocks.","Inventory Accounting Certification;Supply Chain Finance"
"Accountant","Accounting Compliance;Standards;GAAP","Respecte les normes comptables.","GAAP Certification;Accounting Standards"
"Accountant","Month-end Closing;Adjustments;Reporting","Réalise les clôtures mensuelles.","Month-end Closing Certification;Accounting Professional"
"Accountant","Expense Management;Policy Compliance","Contrôle les notes de frais.","Expense Management Certification;Finance Basics"
"Accountant","Accounting Documentation;Record Keeping","Maintient une documentation comptable fiable.","Record Keeping Certification;Accounting Quality"
"Accountant","Accounting Ethics;Confidentiality;Integrity","Applique les principes éthiques.","Ethics in Accounting Certification;CPA"
"Accountant","Financial Data Accuracy;Validation;Checks","Garantit l’exactitude des données financières.","Data Accuracy Certification;Quality Management"
"Accountant","Accounting Process Improvement;Efficiency","Optimise les processus comptables.","Process Improvement Certification;Lean Accounting"
"Accountant","Accounting Reporting;Dashboards;KPIs","Produit des rapports financiers.","Accounting Reporting Certification;Analytics"
"Accountant","Accounting Coordination;Cross-team Communication","Collabore avec les équipes internes.","Team Collaboration Certification;Finance Professional"
"Accountant","Accounting Risk Management;Controls","Identifie les risques financiers.","Risk Management Certification;Finance Risk"
"Accountant","Accounting Automation;Tools Integration","Automatise certaines tâches comptables.","Accounting Automation Certification;RPA Basics"
"Accountant","Accounting Compliance Audits;Reviews","Prépare les revues de conformité.","Compliance Audit Certification;Accounting Professional"
"Accountant","Accounting Training;Knowledge Sharing","Partage les bonnes pratiques comptables.","Accounting Training Certification;Professional Education"
"Accountant","Accounting KPI Tracking;Performance","Suit la performance comptable.","KPI Management Certification;Analytics Basics"
"Accountant","Accounting Quality Control;Standards","Assure la qualité des écritures comptables.","Quality Control Certification;Accounting Professional"
"Accountant","Accounting System Migration;Data Transfer","Participe aux migrations de systèmes comptables.","System Migration Certification;ERP Professional"
"Accountant","Accounting Support;Internal Clients","Fournit un support comptable interne.","Internal Support Certification;Service Accounting"
"Accountant","Accounting Reconciliation;Intercompany","Réalise les rapprochements inter-sociétés.","Intercompany Accounting Certification;Finance Professional"
"Accountant","Accounting Forecast Support;Projections","Aide aux prévisions financières.","Forecasting Certification;Finance Planning"
"Accountant","Accounting Data Protection;Confidentiality","Protège les données financières.","Data Protection Certification;Compliance"
"Accountant","Accounting Continuous Improvement;Optimization","Améliore continuellement les pratiques.","Continuous Improvement Certification;Lean Accounting"
"Accountant","Accounting Documentation Standards;Policies","Applique les standards de documentation.","Documentation Standards Certification;Accounting Quality"
"Accountant","Accounting Stakeholder Communication;Reporting","Communique avec les parties prenantes.","Stakeholder Communication Certification;Finance Professional"
"Accountant","Accounting Compliance Updates;Regulation Watch","Suit les évolutions réglementaires.","Regulatory Update Certification;Accounting Standards"
"Senior Accountant","Advanced Accounting;Complex Entries;Review","Supervise les opérations comptables complexes.","CPA;ACCA"
"Senior Accountant","Financial Statements Review;Compliance;Accuracy","Valide les états financiers.","Financial Reporting Certification;CPA"
"Senior Accountant","Tax Planning;Optimization;Compliance","Optimise la fiscalité de l’entreprise.","Advanced Tax Certification;ACCA"
"Senior Accountant","Accounting Supervision;Team Mentoring","Encadre les comptables juniors.","Leadership in Accounting Certification;CPA"
"Senior Accountant","Month-end and Year-end Closing;Oversight","Pilote les clôtures comptables.","Closing Management Certification;Accounting Professional"
"Senior Accountant","Complex Reconciliations;Intercompany;Consolidation","Gère les rapprochements complexes.","Consolidation Certification;Finance Professional"
"Senior Accountant","Accounting Policies;Standard Implementation","Définit et applique les politiques comptables.","Accounting Policy Certification;IFRS"
"Senior Accountant","Audit Coordination;External Auditors;Compliance","Coordonne les audits externes.","Audit Coordination Certification;CPA"
"Senior Accountant","Financial Analysis;Insights;Decision Support","Fournit des analyses pour la prise de décision.","Financial Analysis Certification;CFA"
"Senior Accountant","Cost Control;Variance Analysis;Optimization","Analyse et contrôle les coûts.","Cost Management Certification;CMA"
"Senior Accountant","Regulatory Reporting;Compliance;Deadlines","Assure les reportings réglementaires.","Regulatory Reporting Certification;ACCA"
"Senior Accountant","Accounting Systems Expertise;ERP;Optimization","Optimise l’utilisation des systèmes comptables.","ERP Advanced Certification;SAP Finance"
"Senior Accountant","Budget Review;Forecast Validation","Valide les budgets et prévisions.","Budgeting Certification;FP&A"
"Senior Accountant","Internal Controls Design;Risk Mitigation","Renforce les contrôles internes.","Internal Controls Certification;COSO"
"Senior Accountant","Accounting Quality Assurance;Review Processes","Garantit la qualité comptable.","Quality Assurance Certification;Accounting Professional"
"Senior Accountant","Consolidated Financial Statements;Group Accounting","Prépare les comptes consolidés.","Group Accounting Certification;IFRS"
"Senior Accountant","Accounting Advisory;Best Practices","Conseille sur les bonnes pratiques comptables.","Accounting Advisory Certification;CPA"
"Senior Accountant","Tax Audits;Documentation;Defense","Prépare et défend les contrôles fiscaux.","Tax Audit Certification;ACCA"
"Senior Accountant","Accounting Risk Assessment;Scenario Analysis","Évalue les risques financiers.","Risk Assessment Certification;Finance Risk"
"Senior Accountant","Accounting Process Leadership;Optimization","Pilote l’amélioration des processus.","Process Leadership Certification;Lean Six Sigma"
"Senior Accountant","Financial Data Governance;Standards;Compliance","Assure la gouvernance des données financières.","Data Governance Certification;Finance Professional"
"Senior Accountant","Accounting Automation Oversight;RPA","Supervise l’automatisation comptable.","RPA for Finance Certification;Automation"
"Senior Accountant","Accounting Reporting Strategy;Dashboards","Structure les reportings financiers.","Reporting Strategy Certification;BI Finance"
"Senior Accountant","Accounting Training Leadership;Mentoring","Forme et développe les équipes comptables.","Training Leadership Certification;CPA"
"Senior Accountant","Accounting Change Management;System Updates","Accompagne les changements de systèmes.","Change Management Certification;Prosci"
"Senior Accountant","Accounting Compliance Management;Regulations","Gère la conformité comptable.","Compliance Management Certification;ACCA"
"Senior Accountant","Accounting Performance Metrics;KPIs","Suit la performance de la fonction comptable.","Performance Metrics Certification;Analytics"
"Senior Accountant","Accounting Ethics Oversight;Integrity","Supervise le respect de l’éthique.","Ethics Oversight Certification;CPA"
"Senior Accountant","Accounting Documentation Review;Standards","Valide la documentation comptable.","Documentation Review Certification;Quality Management"
"Senior Accountant","Accounting Stakeholder Advisory;Communication","Conseille la direction et les partenaires.","Advisory Skills Certification;Finance Leadership"
"Senior Accountant","Accounting Scenario Planning;Forecasting","Participe à la planification financière.","Scenario Planning Certification;FP&A"
"Senior Accountant","Accounting Benchmarking;Market Comparison","Compare les pratiques avec le marché.","Benchmarking Certification;Finance Analytics"
"Senior Accountant","Accounting Crisis Management;Continuity","Gère les situations financières critiques.","Crisis Finance Certification;Risk Management"
"Senior Accountant","Accounting Innovation Leadership;New Tools","Introduit des outils et pratiques innovants.","Finance Innovation Certification;Digital Finance"
"Senior Accountant","Accounting Quality Standards;Continuous Improvement","Améliore en continu la qualité comptable.","Continuous Improvement Certification;Lean Finance"
"Senior Accountant","Accounting Strategic Support;Executive Decisions","Soutient les décisions stratégiques.","Strategic Finance Certification;CFA"
"Senior Accountant","Accounting Governance;Policies;Oversight","Met en place la gouvernance comptable.","Governance Certification;IFRS"
"Senior Accountant","Accounting Knowledge Management;Best Practices","Capitalise les connaissances comptables.","Knowledge Management Certification;Finance Professional"
"Senior Accountant","Accounting Leadership;Team Direction;Vision","Dirige la fonction comptable avec une vision stratégique.","Accounting Leadership Certification;CPA"
"Financial Analyst","Financial Modeling;Excel;Budgeting;Forecasting;Data Analysis;Power BI","Analyse les données financières pour soutenir la prise de décision et la planification stratégique.","Chartered Financial Analyst (CFA);Certified Management Accountant (CMA)"
"Financial Analyst","Financial Reporting;Budgeting;Excel;Forecasting;Data Analysis;SQL","Prépare des rapports financiers et analyse les performances pour optimiser la rentabilité.","CFA;CPA"
"Financial Analyst","Excel;Financial Modeling;Budgeting;Forecasting;Data Analysis;Power BI","Évalue les performances financières et identifie les opportunités d’amélioration.","Certified Management Accountant (CMA);CFA"
"Financial Analyst","Financial Reporting;Excel;Budgeting;Forecasting;Data Visualization;SQL","Analyse les tendances financières et prépare des recommandations stratégiques.","CFA;CPA"
"Financial Analyst","Excel;Financial Modeling;Budgeting;Forecasting;Data Analysis;Power BI","Assure la modélisation financière et le suivi des indicateurs clés.","CFA;Certified Management Accountant (CMA)"
"Financial Analyst","Financial Reporting;Budgeting;Forecasting;Excel;Data Analysis;SQL","Prépare des analyses financières détaillées pour soutenir les décisions du management.","CPA;CFA"
"Financial Analyst","Excel;Financial Modeling;Budgeting;Forecasting;Power BI;Data Visualization","Analyse les données pour prévoir les résultats financiers et proposer des stratégies.","CFA;Certified Management Accountant"
"Financial Analyst","Financial Reporting;Excel;Budgeting;Forecasting;Data Analysis;SQL","Fournit des rapports et analyses financières pour améliorer la performance de l’entreprise.","CFA;CPA"
"Financial Analyst","Excel;Financial Modeling;Budgeting;Forecasting;Power BI;Data Analysis","Élabore des prévisions financières et analyse les écarts par rapport aux objectifs.","CFA;Certified Management Accountant (CMA)"
"Financial Analyst","Financial Reporting;Budgeting;Excel;Forecasting;Data Analysis;SQL","Effectue des analyses financières approfondies pour soutenir la planification stratégique.","CPA;CFA"
"CFO (Chief Financial Officer)","Financial Strategy;Corporate Finance;Budgeting;Forecasting;Risk Management;Leadership","Dirige la stratégie financière globale et supervise les opérations comptables et financières de l’entreprise.","Chartered Financial Analyst (CFA);Certified Public Accountant (CPA)"
"CFO (Chief Financial Officer)","Financial Planning;Corporate Finance;Risk Management;Budgeting;Leadership;M&A","Supervise les finances de l’entreprise et fournit des conseils stratégiques au conseil d’administration.","CFA;CPA"
"CFO (Chief Financial Officer)","Corporate Finance;Financial Strategy;Budgeting;Forecasting;Risk Management;Leadership","Définit la stratégie financière et pilote la performance économique de l’entreprise.","CFA;Certified Management Accountant (CMA)"
"CFO (Chief Financial Officer)","Financial Planning;Corporate Finance;Budgeting;Forecasting;Risk Management;Leadership","Dirige les décisions financières clés et supervise le reporting financier.","CPA;CFA"
"CFO (Chief Financial Officer)","Financial Strategy;Budgeting;Forecasting;Corporate Finance;Risk Management;Leadership","Gère la trésorerie, les investissements et la stratégie financière globale.","CFA;Certified Management Accountant (CMA)"
"CFO (Chief Financial Officer)","Corporate Finance;Financial Planning;Budgeting;Forecasting;Risk Management;Leadership","Supervise la performance financière et conseille le CEO sur la stratégie globale.","CPA;CFA"
"CFO (Chief Financial Officer)","Financial Strategy;Corporate Finance;Budgeting;Forecasting;Risk Management;Leadership","Élabore la stratégie financière et dirige les opérations comptables.","CFA;Certified Management Accountant"
"CFO (Chief Financial Officer)","Financial Planning;Corporate Finance;Budgeting;Forecasting;Leadership;Risk Management","Assure la gestion financière et l’alignement avec les objectifs stratégiques de l’entreprise.","CPA;CFA"
"CFO (Chief Financial Officer)","Corporate Finance;Financial Strategy;Budgeting;Forecasting;Risk Management;Leadership","Gère les finances corporatives et les risques financiers de l’entreprise.","CFA;Certified Management Accountant (CMA)"
"CFO (Chief Financial Officer)","Financial Planning;Budgeting;Forecasting;Corporate Finance;Risk Management;Leadership","Pilote la planification financière et le reporting stratégique.","CPA;CFA"
"Financial Controller","Financial Reporting;Accounting;Budgeting;Internal Controls;Compliance;Excel","Supervise la comptabilité, les rapports financiers et assure la conformité réglementaire.","Certified Management Accountant (CMA);CPA"
"Financial Controller","Accounting;Financial Reporting;Budgeting;Internal Controls;Compliance;ERP Systems","Gère les états financiers et contrôle les processus comptables.","CMA;Certified Public Accountant"
"Financial Controller","Financial Reporting;Accounting;Budgeting;Internal Controls;Compliance;Excel","Assure le suivi des finances et le respect des normes comptables.","CPA;Certified Management Accountant (CMA)"
"Financial Controller","Accounting;Financial Reporting;Budgeting;Internal Controls;Compliance;ERP Systems","Supervise les processus financiers et les audits internes pour garantir la conformité.","CMA;CPA"
"Financial Controller","Financial Reporting;Accounting;Budgeting;Internal Controls;Compliance;Excel","Prépare les rapports financiers et contrôle la qualité des données comptables.","Certified Management Accountant (CMA);CPA"
"Financial Controller","Accounting;Financial Reporting;Budgeting;Internal Controls;Compliance;ERP Systems","Gère les finances de l’entreprise et supervise le respect des réglementations.","CPA;CMA"
"Financial Controller","Financial Reporting;Accounting;Budgeting;Internal Controls;Compliance;Excel","Assure la préparation des rapports financiers et l’analyse des performances.","CMA;Certified Public Accountant"
"Financial Controller","Accounting;Financial Reporting;Budgeting;Internal Controls;Compliance;ERP Systems","Supervise les opérations comptables et la conformité financière.","CPA;Certified Management Accountant"
"Financial Controller","Financial Reporting;Accounting;Budgeting;Internal Controls;Compliance;Excel","Gère les états financiers, les audits et les procédures de contrôle interne.","CMA;CPA"
"Financial Controller","Accounting;Financial Reporting;Budgeting;Internal Controls;Compliance;ERP Systems","Assure la qualité des rapports financiers et la conformité réglementaire.","Certified Management Accountant;CPA"
"CEO","Leadership;Strategic Planning;Corporate Governance;Financial Management;Decision Making;Communication","Dirige l’entreprise, définit la stratégie globale et assure la performance organisationnelle.","Chartered Management Professional;MBA"
"CEO","Strategic Planning;Leadership;Corporate Governance;Financial Management;Decision Making;Business Development","Supervise toutes les opérations et prend les décisions stratégiques clés.","MBA;Certified Management Executive"
"CEO","Leadership;Corporate Governance;Strategic Planning;Financial Management;Decision Making;Stakeholder Management","Définit la vision de l’entreprise et pilote sa croissance et sa rentabilité.","Chartered Management Professional;MBA"
"CEO","Strategic Planning;Leadership;Decision Making;Financial Management;Corporate Governance;Business Development","Gère la direction générale et supervise la stratégie organisationnelle.","MBA;Certified Management Executive"
"CEO","Leadership;Strategic Planning;Corporate Governance;Decision Making;Financial Management;Stakeholder Engagement","Dirige l’entreprise et assure l’alignement stratégique et opérationnel.","Chartered Management Professional;MBA"
"CEO","Corporate Governance;Leadership;Strategic Planning;Financial Management;Decision Making;Business Development","Supervise la vision et la stratégie de l’entreprise pour garantir la croissance.","MBA;Certified Management Executive"
"CEO","Leadership;Strategic Planning;Corporate Governance;Financial Management;Decision Making;Stakeholder Management","Élabore la stratégie globale et supervise la direction exécutive.","Chartered Management Professional;MBA"
"CEO","Strategic Planning;Leadership;Decision Making;Corporate Governance;Financial Management;Business Development","Pilote la croissance, la stratégie et la performance globale de l’entreprise.","MBA;Certified Management Executive"
"CEO","Leadership;Corporate Governance;Strategic Planning;Financial Management;Decision Making;Stakeholder Engagement","Dirige toutes les fonctions exécutives et prend les décisions stratégiques majeures.","Chartered Management Professional;MBA"
"CEO","Strategic Planning;Leadership;Corporate Governance;Decision Making;Financial Management;Business Development","Définit la vision, la stratégie et supervise les opérations de l’entreprise.","MBA;Certified Management Executive"
"COO (Chief Operating Officer)","Strategic Planning;Operations Management;Process Optimization;Leadership;KPIs","Pilote les opérations globales de l’entreprise en alignant les processus internes avec la stratégie de croissance et les objectifs financiers.","Certified Manager;Six Sigma Black Belt"
"COO (Chief Operating Officer)","Business Operations;Change Management;Budgeting;Team Leadership;Risk Management","Supervise l’exécution opérationnelle et améliore la performance organisationnelle à travers des initiatives de transformation.","MBA;PMP"
"COO (Chief Operating Officer)","Operational Excellence;Supply Chain;Performance Management;Corporate Governance;Analytics","Garantit l’efficacité des opérations quotidiennes tout en soutenant la vision stratégique de la direction générale.","Lean Management Certification;COBIT"
"COO (Chief Operating Officer)","Process Improvement;Enterprise Strategy;Financial Oversight;People Management;Compliance","Coordonne les équipes opérationnelles pour assurer la rentabilité, la conformité et la qualité des services.","Six Sigma Black Belt;Executive Leadership Certificate"
"COO (Chief Operating Officer)","Operations Strategy;Cross-functional Leadership;Cost Control;Business Transformation;Reporting","Met en œuvre des stratégies opérationnelles pour soutenir l’expansion et l’optimisation des coûts.","PMP;Certified Operations Manager"
"COO (Chief Operating Officer)","Organizational Design;Operational KPIs;Vendor Management;Decision Making;Scalability","Structure les opérations afin de soutenir la croissance durable et l’amélioration continue.","MBA;Lean Six Sigma"
"COO (Chief Operating Officer)","Operational Risk;Process Automation;Strategic Alignment;Governance;Communication","Assure la continuité opérationnelle et l’alignement des processus avec les objectifs stratégiques.","ITIL Expert;Executive Program Certificate"
"COO (Chief Operating Officer)","Corporate Operations;Change Leadership;Performance Metrics;Finance Collaboration;Execution","Transforme la stratégie en plans opérationnels concrets et mesurables.","Certified Manager;Six Sigma Green Belt"
"COO (Chief Operating Officer)","Operations Planning;Business Analytics;Leadership Development;Compliance Management;Optimization","Améliore l’efficacité opérationnelle grâce à l’analyse des performances et à la gestion proactive.","MBA;COBIT Foundation"
"COO (Chief Operating Officer)","Enterprise Operations;Strategic Execution;Process Governance;Cost Optimization;People Strategy","Dirige les opérations à grande échelle pour maximiser la valeur et la performance globale.","Lean Management Certification;Executive MBA"
"COO (Chief Operating Officer)","Operational Strategy;Supply Chain Optimization;KPI Management;Leadership;Risk Control","Supervise les flux opérationnels afin d’assurer efficacité, qualité et respect des délais.","Six Sigma Black Belt;PMP"
"COO (Chief Operating Officer)","Business Process Management;Transformation;Budget Control;Stakeholder Management;Execution","Met en place des processus performants soutenant la stratégie de l’entreprise.","Certified Operations Manager;MBA"
"COO (Chief Operating Officer)","Operational Governance;Process Design;Analytics;Team Coordination;Compliance","Assure une gouvernance opérationnelle efficace et une amélioration continue.","COBIT;Lean Six Sigma"
"COO (Chief Operating Officer)","Operations Leadership;Strategic Planning;Efficiency Improvement;Reporting;Change Management","Optimise les opérations internes pour soutenir les objectifs à long terme.","Executive Leadership Certificate;PMP"
"COO (Chief Operating Officer)","Operational Excellence;Business Continuity;Cost Management;Decision Making;Leadership","Garantit la stabilité opérationnelle et la performance dans un environnement en évolution.","ISO 22301;MBA"
"COO (Chief Operating Officer)","Process Optimization;Cross-Department Coordination;KPIs;Governance;Strategy","Coordonne les départements pour améliorer l’efficacité globale.","Lean Six Sigma;Certified Manager"
"COO (Chief Operating Officer)","Operational Planning;Enterprise Risk;Automation;Leadership;Financial Insight","Conduit des initiatives d’optimisation et d’automatisation des processus.","PMP;Six Sigma Green Belt"
"COO (Chief Operating Officer)","Business Operations;Performance Analysis;People Leadership;Compliance;Transformation","Analyse et améliore les performances opérationnelles de l’organisation.","MBA;COBIT Foundation"
"COO (Chief Operating Officer)","Operational Control;Strategic Alignment;Resource Management;Governance;Execution","Assure l’alignement entre stratégie et opérations quotidiennes.","Certified Operations Manager;Lean Management"
"COO (Chief Operating Officer)","Operations Management;Change Strategy;Cost Reduction;KPIs;Leadership","Dirige les opérations pour renforcer la compétitivité et la rentabilité.","Six Sigma Black Belt;Executive MBA"
"Vice President","Strategic Leadership;Business Development;Decision Making;Stakeholder Management;Vision","Définit la vision stratégique et supervise les initiatives clés pour atteindre les objectifs de l’entreprise.","Executive Leadership Certificate;MBA"
"Vice President","Corporate Strategy;Market Expansion;Leadership;Financial Oversight;Governance","Conduit la croissance organisationnelle et soutient les décisions stratégiques majeures.","MBA;PMP"
"Vice President","Business Strategy;Team Leadership;Performance Management;Risk Assessment;Communication","Supervise les directions clés pour assurer une performance durable.","Certified Manager;Executive Program"
"Vice President","Strategic Planning;Operations Oversight;Innovation;Decision Making;KPIs","Pilote les priorités stratégiques et opérationnelles à l’échelle de l’entreprise.","Lean Management Certification;MBA"
"Vice President","Leadership;Corporate Governance;Market Analysis;Financial Strategy;Execution","Assure l’alignement des équipes avec la stratégie globale.","Executive MBA;COBIT Foundation"
"Vice President","Growth Strategy;Partnership Development;Leadership;Analytics;Governance","Développe des partenariats stratégiques et soutient l’expansion du marché.","Certified Executive;MBA"
"Vice President","Strategic Direction;People Management;Operational Insight;Risk Management;Reporting","Supervise la mise en œuvre de la stratégie au niveau exécutif.","PMP;Executive Leadership Certificate"
"Vice President","Business Transformation;Change Leadership;Financial Planning;Governance;KPIs","Accompagne la transformation organisationnelle et stratégique.","MBA;Six Sigma Green Belt"
"Vice President","Corporate Leadership;Innovation Strategy;Market Positioning;Decision Making;Oversight","Renforce la position concurrentielle de l’entreprise.","Executive MBA;Certified Manager"
"Vice President","Strategic Execution;Stakeholder Engagement;Operational Review;Leadership;Compliance","Garantit l’exécution efficace des priorités stratégiques.","COBIT;MBA"
"Vice President","Business Vision;Leadership Development;Performance Metrics;Governance;Strategy","Définit et communique la vision stratégique aux équipes dirigeantes.","Executive Program Certificate;MBA"
"Vice President","Corporate Planning;Financial Insight;Risk Control;Leadership;Decision Making","Supervise la planification stratégique et financière.","PMP;Executive MBA"
"Vice President","Market Strategy;Growth Leadership;Analytics;Stakeholder Relations;Execution","Soutient la croissance et la performance globale.","MBA;Lean Management"
"Vice President","Strategic Leadership;Change Management;Governance;Performance Review;Communication","Conduit les initiatives de changement stratégique.","Certified Executive;Six Sigma Green Belt"
"Vice President","Enterprise Strategy;Innovation Oversight;Leadership;KPIs;Governance","Oriente l’innovation et la stratégie à long terme.","Executive MBA;COBIT Foundation"
"Vice President","Business Direction;Operational Insight;People Leadership;Risk Analysis;Reporting","Assure la cohérence entre stratégie et opérations.","MBA;Certified Manager"
"Vice President","Strategic Growth;Market Development;Leadership;Analytics;Decision Making","Développe des stratégies de croissance durable.","Executive Leadership Certificate;MBA"
"Vice President","Corporate Oversight;Financial Strategy;Governance;Leadership;Execution","Supervise la performance financière et stratégique.","PMP;Executive MBA"
"Vice President","Vision Setting;Stakeholder Management;Operational Review;Leadership;Strategy","Communique et met en œuvre la vision stratégique.","Certified Executive;MBA"
"Vice President","Strategic Alignment;Innovation Management;Leadership;KPIs;Governance","Aligne l’innovation avec les objectifs de l’entreprise.","Executive MBA;Lean Management"
"Director","Team Leadership;Project Management;Strategic Planning;Communication;Reporting","Dirige une équipe ou un département pour atteindre les objectifs définis.","PMP;Certified Manager"
"Director","Operational Management;People Development;Budgeting;Performance Review;Execution","Supervise les opérations quotidiennes et la performance de l’équipe.","MBA;Lean Management"
"Director","Department Strategy;Leadership;Process Improvement;KPIs;Governance","Définit et met en œuvre la stratégie départementale.","Six Sigma Green Belt;Certified Manager"
"Director","Project Oversight;Resource Management;Stakeholder Communication;Planning;Execution","Coordonne les projets clés et assure leur réussite.","PMP;PRINCE2"
"Director","Operational Leadership;Team Coordination;Budget Control;Reporting;Decision Making","Assure la performance opérationnelle du département.","MBA;Certified Operations Manager"
"Director","Strategic Direction;Change Management;People Leadership;Performance Metrics;Execution","Conduit les initiatives stratégiques au niveau du département.","Executive Program Certificate;PMP"
"Director","Business Unit Management;Financial Oversight;Leadership;Governance;Planning","Gère une unité opérationnelle en alignement avec la stratégie globale.","MBA;COBIT Foundation"
"Director","Operational Excellence;Process Optimization;Team Leadership;KPIs;Reporting","Optimise les processus internes pour améliorer l’efficacité.","Lean Six Sigma;Certified Manager"
"Director","Department Planning;Risk Management;Leadership;Communication;Execution","Planifie et supervise les activités du département.","PMP;MBA"
"Director","People Management;Operational Strategy;Budgeting;Performance Review;Governance","Développe les équipes et assure l’atteinte des objectifs.","Certified Manager;Lean Management"
"Director","Strategic Projects;Cross-functional Coordination;Leadership;Planning;Execution","Coordonne des projets transverses à fort impact.","PMP;PRINCE2"
"Director","Operational Control;Process Design;Team Leadership;KPIs;Reporting","Assure la qualité et la performance des opérations.","Six Sigma Green Belt;Certified Operations Manager"
"Director","Department Governance;Compliance Management;Leadership;Risk Control;Execution","Garantit la conformité et la bonne gouvernance du département.","COBIT;MBA"
"Director","Business Strategy Execution;People Leadership;Performance Metrics;Planning;Reporting","Met en œuvre la stratégie au niveau opérationnel.","Executive Program Certificate;Certified Manager"
"Director","Operational Planning;Resource Allocation;Leadership;Budget Control;Execution","Optimise l’allocation des ressources pour atteindre les objectifs.","PMP;MBA"
"Director","Team Development;Process Improvement;Operational Insight;KPIs;Governance","Développe les compétences et améliore les processus.","Lean Six Sigma;Certified Manager"
"Director","Strategic Alignment;Change Leadership;Communication;Performance Review;Execution","Assure l’alignement entre stratégie et actions.","Executive Leadership Certificate;MBA"
"Director","Department Operations;Risk Assessment;Leadership;Planning;Reporting","Supervise les opérations et anticipe les risques.","PMP;Certified Operations Manager"
"Director","Operational Excellence;Quality Management;Team Leadership;KPIs;Execution","Améliore la qualité et l’efficacité des services.","ISO 9001;Lean Management"
"Director","Business Unit Leadership;Strategic Planning;Financial Control;Governance;Execution","Dirige une entité opérationnelle vers la performance durable.","MBA;Certified Manager"
"Chief of Staff","Strategic Planning;Project Management;Leadership;Stakeholder Management;Communication;Decision Making","Assiste le CEO ou la direction dans la coordination stratégique et opérationnelle de l’entreprise.","Project Management Professional (PMP);Certified Chief of Staff"
"Chief of Staff","Leadership;Strategic Planning;Project Coordination;Stakeholder Management;Communication;Problem Solving","Supervise les projets clés et assure l’exécution des initiatives stratégiques.","Certified Chief of Staff;PMP"
"Chief of Staff","Strategic Planning;Project Management;Leadership;Communication;Stakeholder Engagement;Decision Making","Agit comme bras droit du CEO pour aligner les priorités stratégiques et opérationnelles.","PMP;Certified Chief of Staff"
"Chief of Staff","Leadership;Strategic Planning;Project Management;Stakeholder Management;Communication;Problem Solving","Coordonne les projets transverses et soutient la prise de décision stratégique.","Certified Chief of Staff;PMP"
"Chief of Staff","Strategic Planning;Leadership;Project Management;Communication;Decision Making;Stakeholder Management","Assure la liaison entre la direction et les équipes pour atteindre les objectifs organisationnels.","PMP;Certified Chief of Staff"
"Chief of Staff","Leadership;Strategic Planning;Project Coordination;Stakeholder Management;Problem Solving;Communication","Supervise l’exécution des initiatives stratégiques et opérationnelles.","Certified Chief of Staff;PMP"
"Chief of Staff","Strategic Planning;Project Management;Leadership;Stakeholder Management;Communication;Decision Making","Coordonne la stratégie d’entreprise et assure le suivi des projets clés.","PMP;Certified Chief of Staff"
"Chief of Staff","Leadership;Project Management;Strategic Planning;Stakeholder Management;Problem Solving;Communication","Soutient la direction dans la gestion des priorités et la coordination des équipes.","Certified Chief of Staff;PMP"
"Chief of Staff","Strategic Planning;Leadership;Project Management;Communication;Decision Making;Stakeholder Engagement","Assure la planification stratégique et la gestion efficace des projets prioritaires.","PMP;Certified Chief of Staff"
"Chief of Staff","Leadership;Strategic Planning;Project Management;Stakeholder Management;Problem Solving;Communication","Agit en tant que conseiller clé du CEO pour la stratégie et l’exécution.","Certified Chief of Staff;PMP"
"Business Strategy Manager","Business Analysis;Strategic Planning;Market Research;Project Management;Financial Modeling;Stakeholder Management","Élabore et met en œuvre des stratégies pour améliorer la performance et la croissance de l’entreprise.","MBA;Certified Business Strategist"
"Business Strategy Manager","Strategic Planning;Business Analysis;Project Management;Financial Modeling;Market Research;Stakeholder Engagement","Conçoit des plans stratégiques et pilote leur mise en œuvre pour atteindre les objectifs de l’entreprise.","Certified Business Strategist;MBA"
"Business Strategy Manager","Business Analysis;Strategic Planning;Market Research;Project Management;Financial Modeling;Decision Making","Analyse le marché et propose des stratégies pour soutenir la croissance.","MBA;Certified Business Strategist"
"Business Strategy Manager","Strategic Planning;Project Management;Business Analysis;Financial Modeling;Market Research;Stakeholder Management","Développe des initiatives stratégiques pour améliorer la performance organisationnelle.","Certified Business Strategist;MBA"
"Business Strategy Manager","Business Analysis;Strategic Planning;Market Research;Financial Modeling;Project Management;Stakeholder Engagement","Soutient la direction dans la définition et la mise en œuvre de la stratégie d’entreprise.","MBA;Certified Business Strategist"
"Business Strategy Manager","Strategic Planning;Business Analysis;Project Management;Financial Modeling;Market Research;Decision Making","Conçoit des stratégies de croissance et supervise leur exécution.","Certified Business Strategist;MBA"
"Business Strategy Manager","Business Analysis;Strategic Planning;Market Research;Project Management;Financial Modeling;Stakeholder Management","Élabore des plans stratégiques et coordonne les projets pour atteindre les objectifs.","MBA;Certified Business Strategist"
"Business Strategy Manager","Strategic Planning;Business Analysis;Project Management;Financial Modeling;Market Research;Stakeholder Engagement","Analyse les opportunités commerciales et propose des recommandations stratégiques.","Certified Business Strategist;MBA"
"Business Strategy Manager","Business Analysis;Strategic Planning;Project Management;Financial Modeling;Market Research;Decision Making","Supervise l’implémentation des stratégies pour optimiser la performance de l’entreprise.","MBA;Certified Business Strategist"
"Business Strategy Manager","Strategic Planning;Business Analysis;Project Management;Financial Modeling;Market Research;Stakeholder Management","Élabore et pilote des stratégies pour assurer la croissance et la compétitivité.","Certified Business Strategist;MBA"
"Administrative Assistant","Office Management;Scheduling;Communication;Document Management;Microsoft Office;Organization","Assure le support administratif, gère les agendas et coordonne les tâches quotidiennes.","Certified Administrative Professional (CAP);Microsoft Office Specialist"
"Administrative Assistant","Scheduling;Office Management;Communication;Document Handling;Organization;Microsoft Office","Gère les opérations administratives et soutient les équipes dans leurs activités quotidiennes.","CAP;Microsoft Office Specialist"
"Administrative Assistant","Office Management;Communication;Scheduling;Document Management;Organization;Microsoft Office","Assure le suivi administratif et l’organisation des réunions et documents.","Certified Administrative Professional;Microsoft Office Specialist"
"Administrative Assistant","Scheduling;Communication;Office Management;Document Handling;Organization;Microsoft Office","Fournit un support administratif efficace et coordonne les tâches opérationnelles.","CAP;Microsoft Office Specialist"
"Administrative Assistant","Office Management;Scheduling;Communication;Document Management;Organization;Microsoft Office","Gère les agendas, prépare les documents et soutient les équipes dans leurs activités.","Certified Administrative Professional"
"Administrative Assistant","Scheduling;Office Management;Communication;Document Handling;Organization;Microsoft Office","Assure la coordination administrative et le suivi des opérations quotidiennes.","CAP;Microsoft Office Specialist"
"Administrative Assistant","Office Management;Communication;Scheduling;Document Management;Organization;Microsoft Office","Supporte l’équipe avec la gestion des documents, agendas et communications.","Certified Administrative Professional"
"Administrative Assistant","Scheduling;Office Management;Communication;Document Handling;Organization;Microsoft Office","Gère l’organisation administrative et facilite le flux de travail au sein du bureau.","CAP;Microsoft Office Specialist"
"Administrative Assistant","Office Management;Scheduling;Communication;Document Management;Organization;Microsoft Office","Assure la coordination et le suivi des tâches administratives.","Certified Administrative Professional"
"Administrative Assistant","Scheduling;Communication;Office Management;Document Handling;Organization;Microsoft Office","Fournit un support administratif complet pour le bon fonctionnement du bureau.","CAP;Microsoft Office Specialist"
"Executive Assistant","Calendar Management;Travel Planning;Communication;Document Preparation;Microsoft Office;Organization","Assiste la direction exécutive dans la gestion de l’agenda et la coordination des activités.","Certified Executive Assistant (CEA);Microsoft Office Specialist"
"Executive Assistant","Scheduling;Travel Planning;Communication;Document Management;Organization;Microsoft Office","Gère les agendas, organise les réunions et prépare les documents pour la direction.","CEA;Microsoft Office Specialist"
"Executive Assistant","Calendar Management;Communication;Document Preparation;Scheduling;Travel Planning;Organization","Soutient les dirigeants en planifiant et coordonnant leurs activités quotidiennes.","Certified Executive Assistant;Microsoft Office Specialist"
"Executive Assistant","Scheduling;Communication;Travel Planning;Document Management;Organization;Microsoft Office","Assure la coordination administrative et la gestion efficace des priorités de la direction.","CEA;Microsoft Office Specialist"
"Executive Assistant","Calendar Management;Document Preparation;Communication;Scheduling;Travel Planning;Organization","Fournit un support exécutif et organise les réunions et déplacements.","Certified Executive Assistant"
"Executive Assistant","Scheduling;Travel Planning;Communication;Document Management;Organization;Microsoft Office","Gère l’agenda et les tâches administratives pour les dirigeants.","CEA;Microsoft Office Specialist"
"Executive Assistant","Calendar Management;Communication;Scheduling;Document Preparation;Travel Planning;Organization","Assiste la direction dans l’organisation des réunions et le suivi des projets.","Certified Executive Assistant;Microsoft Office Specialist"
"Executive Assistant","Scheduling;Communication;Travel Planning;Document Management;Organization;Microsoft Office","Coordonne les activités exécutives et assure un support administratif complet.","CEA;Microsoft Office Specialist"
"Executive Assistant","Calendar Management;Communication;Document Preparation;Scheduling;Travel Planning;Organization","Supporte les dirigeants dans la planification et la gestion administrative quotidienne.","Certified Executive Assistant"
"Executive Assistant","Scheduling;Communication;Travel Planning;Document Management;Organization;Microsoft Office","Organise et gère l’agenda des dirigeants tout en assurant la coordination administrative.","CEA;Microsoft Office Specialist"
"Office Manager","Office Administration;Team Coordination;Scheduling;Budget Tracking;Communication","Gère les opérations quotidiennes du bureau et coordonne les équipes administratives.","Certified Office Manager"
"Office Manager","Administrative Management;Process Organization;Reporting;Time Management;Leadership","Assure le bon fonctionnement du bureau et optimise les processus internes.","Office Management Certification"
"Office Manager","Facility Management;Staff Supervision;Documentation;Planning;Problem Solving","Supervise les ressources matérielles et humaines du bureau.","Administrative Professional Certificate"
"Office Manager","Office Operations;Vendor Management;Budget Control;Communication;Organization","Coordonne les fournisseurs et contrôle les dépenses du bureau.","Certified Manager"
"Office Manager","Administrative Support;Scheduling;Team Leadership;Reporting;Compliance","Encadre le personnel administratif et veille au respect des procédures.","Office Administration Diploma"
"Office Manager","Office Coordination;Process Improvement;Documentation;Time Planning;Leadership","Améliore l’efficacité des opérations administratives.","Lean Office Certification"
"Office Manager","Operations Management;Staff Training;Planning;Communication;Organization","Forme et supervise le personnel administratif.","Certified Office Supervisor"
"Office Manager","Administrative Oversight;Budget Monitoring;Scheduling;Reporting;Decision Making","Assure le suivi administratif et financier du bureau.","Office Management Professional"
"Office Manager","Office Logistics;Resource Allocation;Team Coordination;Planning;Communication","Gère la logistique et l’organisation interne.","Administrative Management Certificate"
"Office Manager","Administrative Strategy;Process Control;Leadership;Reporting;Optimization","Met en place des stratégies pour améliorer la gestion du bureau.","Certified Administrative Manager"
"Office Manager","Office Administration;Workflow Optimization;Staff Supervision;Communication;Planning","Optimise les flux de travail administratifs.","Office Operations Certificate"
"Office Manager","Administrative Leadership;Budgeting;Scheduling;Compliance;Reporting","Supervise la gestion administrative globale.","Certified Office Executive"
"Office Manager","Office Management;Process Standardization;Team Leadership;Documentation;Planning","Standardise les procédures administratives.","ISO Administrative Training"
"Office Manager","Administrative Coordination;Facility Oversight;Planning;Communication;Problem Solving","Assure la coordination entre services.","Office Manager Diploma"
"Office Manager","Office Operations;People Management;Reporting;Scheduling;Organization","Gère les équipes et les opérations du bureau.","Certified Manager"
"Office Manager","Administrative Excellence;Process Design;Leadership;Planning;Execution","Développe des processus administratifs performants.","Lean Management"
"Office Manager","Office Control;Budget Follow-up;Scheduling;Documentation;Reporting","Suit les budgets et la documentation administrative.","Office Administration Certificate"
"Office Manager","Administrative Planning;Staff Coordination;Communication;Reporting;Optimization","Planifie et coordonne les activités administratives.","Certified Office Manager"
"Office Manager","Office Governance;Compliance Management;Leadership;Reporting;Execution","Garantit la conformité administrative.","Compliance Administration Certificate"
"Office Manager","Office Administration;Resource Management;Planning;Communication;Leadership","Gère efficacement les ressources du bureau.","Office Management Professional"
"Data Entry Clerk","Data Entry;Typing Accuracy;MS Excel;Attention to Detail;Time Management","Saisit et met à jour des données dans les systèmes informatiques.","Data Entry Certification"
"Data Entry Clerk","Database Input;Data Validation;Excel;Accuracy;Organization","Vérifie et enregistre les informations avec précision.","Office Computing Certificate"
"Data Entry Clerk","Data Processing;Keyboarding;Documentation;Quality Control;Focus","Assure la qualité et la fiabilité des données saisies.","Data Processing Certificate"
"Data Entry Clerk","Information Entry;Spreadsheet Management;Accuracy;Time Management;Reporting","Met à jour les bases de données internes.","Excel Certification"
"Data Entry Clerk","Data Recording;Clerical Support;Attention to Detail;Organization;Speed","Soutient les équipes via la saisie de données.","Administrative Assistant Certificate"
"Data Entry Clerk","Digital Data Entry;Validation;Documentation;Accuracy;Confidentiality","Respecte la confidentialité des informations traitées.","Data Handling Certificate"
"Data Entry Clerk","Data Management;Excel;Quality Assurance;Typing;Organization","Contrôle la cohérence des données enregistrées.","Office IT Certificate"
"Data Entry Clerk","Clerical Data Entry;Reporting;Accuracy;Time Planning;Focus","Produit des rapports à partir des données saisies.","Data Entry Professional"
"Data Entry Clerk","Information Processing;Database Update;Accuracy;Documentation;Speed","Met à jour les systèmes d’information.","Clerical Computing Certificate"
"Data Entry Clerk","Data Input;Spreadsheet Analysis;Attention to Detail;Organization;Confidentiality","Analyse et saisit des données numériques.","Excel Specialist"
"Data Entry Clerk","Data Entry Operations;Typing;Validation;Reporting;Organization","Assure la saisie quotidienne des données.","Data Entry Clerk Diploma"
"Data Entry Clerk","Digital Documentation;Data Accuracy;Excel;Focus;Time Management","Maintient l’exactitude des bases de données.","Office Computing Certificate"
"Data Entry Clerk","Database Support;Information Entry;Accuracy;Reporting;Organization","Assiste les équipes par la saisie structurée des données.","Administrative IT Certificate"
"Data Entry Clerk","Data Processing;Spreadsheet Handling;Quality Control;Typing;Confidentiality","Contrôle la qualité des informations enregistrées.","Data Processing Diploma"
"Data Entry Clerk","Clerical Input;Database Maintenance;Accuracy;Time Planning;Focus","Maintient les bases de données à jour.","Data Entry Certification"
"Data Entry Clerk","Information Management;Excel;Validation;Documentation;Accuracy","Gère et valide les données numériques.","Office Automation Certificate"
"Data Entry Clerk","Data Recording;Typing Speed;Quality Assurance;Reporting;Organization","Produit des données fiables pour l’entreprise.","Data Entry Professional"
"Data Entry Clerk","Digital Entry;Spreadsheet Accuracy;Focus;Time Management;Confidentiality","Garantit la confidentialité et l’exactitude des données.","Data Security Awareness"
"Data Entry Clerk","Database Input;Documentation;Accuracy;Organization;Speed","Effectue la saisie rapide et fiable des données.","Clerical Certificate"
"Data Entry Clerk","Data Administration;Excel;Quality Check;Typing;Reporting","Soutient l’administration via la gestion des données.","Office IT Diploma"
"Office Clerk","Office Support;Filing;Communication;Scheduling;Organization","Assure les tâches administratives quotidiennes du bureau.","Office Clerk Certificate"
"Office Clerk","Administrative Assistance;Documentation;Customer Interaction;Planning;Organization","Soutient les opérations administratives.","Administrative Assistant Diploma"
"Office Clerk","Clerical Work;Filing Systems;Communication;Time Management;Accuracy","Gère les dossiers et la correspondance.","Office Administration Certificate"
"Office Clerk","Office Operations;Data Filing;Reception;Scheduling;Organization","Assure l’accueil et la gestion documentaire.","Clerical Skills Certification"
"Office Clerk","Administrative Tasks;Documentation;Communication;Reporting;Organization","Effectue diverses tâches administratives.","Office Support Certificate"
"Office Clerk","Office Coordination;Filing;Customer Service;Planning;Accuracy","Coordonne les activités administratives.","Administrative Clerk Diploma"
"Office Clerk","Clerical Support;Record Keeping;Communication;Time Planning;Focus","Maintient les dossiers administratifs.","Office Clerk Professional"
"Office Clerk","Administrative Operations;Documentation;Scheduling;Communication;Organization","Assure la fluidité des opérations du bureau.","Office Management Basics"
"Office Clerk","Office Assistance;Data Filing;Reporting;Accuracy;Organization","Prépare et classe les documents.","Administrative Support Certificate"
"Office Clerk","Clerical Administration;Communication;Scheduling;Documentation;Focus","Soutient les équipes administratives.","Office Clerk Diploma"
"Office Clerk","Office Work;Filing Accuracy;Communication;Time Management;Organization","Classe et gère les documents officiels.","Clerical Certification"
"Office Clerk","Administrative Filing;Customer Interaction;Reporting;Organization;Accuracy","Assure la gestion administrative quotidienne.","Office Support Diploma"
"Office Clerk","Office Coordination;Documentation;Planning;Communication;Execution","Coordonne les tâches administratives.","Administrative Assistant Certificate"
"Office Clerk","Clerical Duties;Record Maintenance;Scheduling;Accuracy;Focus","Maintient les archives du bureau.","Office Clerk Certificate"
"Office Clerk","Office Support Services;Communication;Documentation;Planning;Organization","Fournit un soutien administratif polyvalent.","Office Administration Diploma"
"Office Clerk","Administrative Operations;Filing Systems;Reporting;Accuracy;Time Management","Optimise la gestion des documents.","Clerical Skills Certificate"
"Office Clerk","Office Assistance;Customer Service;Documentation;Planning;Organization","Gère les demandes administratives.","Office Support Certification"
"Office Clerk","Clerical Coordination;Record Keeping;Communication;Execution;Accuracy","Coordonne les activités administratives internes.","Administrative Clerk Certificate"
"Office Clerk","Office Tasks;Documentation;Scheduling;Communication;Organization","Assure les tâches administratives générales.","Office Clerk Professional"
"Office Clerk","Administrative Filing;Reporting;Accuracy;Organization;Focus","Classe et traite les documents administratifs.","Office Administration Certificate"
"Attorney","Legal Research;Contract Law;Litigation;Legal Writing;Analysis","Conseil et représente les clients sur des questions juridiques.","Bar Admission"
"Attorney","Legal Analysis;Case Management;Court Representation;Negotiation;Documentation","Prépare et plaide des dossiers juridiques.","Licensed Attorney"
"Attorney","Corporate Law;Compliance;Legal Drafting;Advisory;Risk Assessment","Conseil juridique aux entreprises.","Bar Certification"
"Attorney","Criminal Law;Legal Research;Court Procedures;Advocacy;Ethics","Représente des clients dans des affaires pénales.","Criminal Law Certification"
"Attorney","Civil Law;Contract Review;Negotiation;Legal Writing;Analysis","Gère des litiges civils.","Bar Admission"
"Attorney","Legal Advisory;Regulatory Compliance;Documentation;Risk Management;Analysis","Fournit des conseils juridiques spécialisés.","Legal Practice Certificate"
"Attorney","Litigation Strategy;Legal Research;Court Advocacy;Case Analysis;Documentation","Défend les intérêts des clients devant les tribunaux.","Trial Lawyer Certification"
"Attorney","Business Law;Contract Drafting;Compliance;Negotiation;Advisory","Assiste les entreprises sur le plan juridique.","Corporate Law Certificate"
"Attorney","Legal Consulting;Case Evaluation;Documentation;Ethics;Analysis","Analyse et conseille sur des dossiers juridiques.","Legal Consultant Certification"
"Attorney","Family Law;Mediation;Legal Writing;Court Representation;Advisory","Gère des affaires familiales et de médiation.","Family Law Certification"
"Attorney","International Law;Legal Research;Treaty Analysis;Advisory;Documentation","Traite des dossiers juridiques internationaux.","International Law Certificate"
"Attorney","Intellectual Property Law;Patent Review;Legal Drafting;Advisory;Analysis","Protège les droits de propriété intellectuelle.","IP Law Certification"
"Attorney","Employment Law;Compliance;Legal Advisory;Documentation;Negotiation","Conseil en droit du travail.","Employment Law Certificate"
"Attorney","Tax Law;Regulatory Compliance;Legal Analysis;Advisory;Documentation","Assiste sur les questions fiscales.","Tax Law Certification"
"Attorney","Environmental Law;Regulation Analysis;Legal Research;Advisory;Compliance","Traite des dossiers liés à l’environnement.","Environmental Law Certificate"
"Attorney","Litigation Support;Case Preparation;Legal Writing;Analysis;Documentation","Prépare les dossiers pour les audiences.","Trial Preparation Certificate"
"Attorney","Commercial Law;Contract Negotiation;Legal Drafting;Risk Analysis;Advisory","Gère les contrats commerciaux.","Commercial Law Certificate"
"Attorney","Public Law;Regulatory Analysis;Legal Research;Advisory;Documentation","Intervient dans des dossiers de droit public.","Public Law Certification"
"Attorney","Legal Strategy;Client Advisory;Documentation;Ethics;Analysis","Développe des stratégies juridiques adaptées.","Advanced Legal Practice"
"Attorney","Judicial Procedures;Court Representation;Legal Research;Advocacy;Documentation","Représente les clients devant les juridictions.","Bar Admission"
"Lawyer","Legal Research;Contract Drafting;Litigation;Negotiation;Compliance;Communication","Représente et conseille les clients sur des questions juridiques et prépare les documents légaux nécessaires.","Bar Exam;LL.M"
"Lawyer","Contract Drafting;Litigation;Legal Research;Negotiation;Compliance;Client Advisory","Assure la défense et la représentation des clients devant les tribunaux et dans les négociations.","Bar Exam;LL.M"
"Lawyer","Legal Research;Litigation;Contract Drafting;Negotiation;Compliance;Client Counseling","Fournit des conseils juridiques et rédige des contrats ou accords légaux.","LL.M;Bar Exam"
"Lawyer","Litigation;Legal Research;Contract Drafting;Negotiation;Compliance;Communication","Représente les clients dans les affaires civiles et commerciales et assure la conformité légale.","Bar Exam"
"Lawyer","Legal Research;Contract Drafting;Litigation;Negotiation;Compliance;Client Advisory","Assure le suivi juridique et conseille les clients sur les risques légaux.","LL.M;Bar Exam"
"Lawyer","Litigation;Contract Drafting;Legal Research;Negotiation;Compliance;Communication","Prépare et analyse les documents juridiques tout en représentant les clients.","Bar Exam;LL.M"
"Lawyer","Legal Research;Contract Drafting;Litigation;Negotiation;Compliance;Client Counseling","Fournit des conseils juridiques et défend les intérêts des clients.","LL.M;Bar Exam"
"Lawyer","Litigation;Legal Research;Contract Drafting;Negotiation;Compliance;Communication","Assure la représentation juridique et le respect des obligations légales.","Bar Exam"
"Lawyer","Legal Research;Contract Drafting;Litigation;Negotiation;Compliance;Client Advisory","Rédige et analyse des contrats, prépare les dossiers pour les litiges et conseille les clients.","LL.M;Bar Exam"
"Lawyer","Litigation;Legal Research;Contract Drafting;Negotiation;Compliance;Communication","Représente les clients et conseille sur la conformité et les risques juridiques.","Bar Exam;LL.M"
"Legal Counsel","Legal Advice;Contract Review;Compliance;Risk Management;Negotiation;Corporate Law","Fournit des conseils juridiques aux entreprises et assure la conformité légale des opérations.","LL.M;Certified In-House Counsel (CIC)"
"Legal Counsel","Contract Review;Legal Advice;Compliance;Risk Management;Negotiation;Corporate Governance","Supervise les questions juridiques internes et accompagne la direction sur les décisions légales.","Certified In-House Counsel;LL.M"
"Legal Counsel","Legal Advice;Contract Drafting;Compliance;Risk Management;Negotiation;Corporate Law","Assure la conformité des contrats et conseille sur les risques juridiques.","LL.M;CIC"
"Legal Counsel","Contract Review;Legal Advice;Compliance;Risk Management;Negotiation;Corporate Governance","Fournit un accompagnement juridique stratégique pour les projets et décisions de l’entreprise.","Certified In-House Counsel;LL.M"
"Legal Counsel","Legal Advice;Contract Drafting;Compliance;Risk Management;Negotiation;Corporate Law","Analyse et rédige des contrats tout en assurant le respect des réglementations.","LL.M;Certified In-House Counsel"
"Legal Counsel","Contract Review;Legal Advice;Compliance;Risk Management;Negotiation;Corporate Governance","Assure le suivi des obligations légales et conseille la direction sur les risques.","CIC;LL.M"
"Legal Counsel","Legal Advice;Contract Drafting;Compliance;Risk Management;Negotiation;Corporate Law","Conseil et supervision juridique pour protéger les intérêts de l’entreprise.","LL.M;Certified In-House Counsel"
"Legal Counsel","Contract Review;Legal Advice;Compliance;Risk Management;Negotiation;Corporate Governance","Assure la conformité légale et fournit des recommandations juridiques stratégiques.","CIC;LL.M"
"Legal Counsel","Legal Advice;Contract Drafting;Compliance;Risk Management;Negotiation;Corporate Law","Analyse des contrats et supervision juridique pour la prise de décision.","LL.M;Certified In-House Counsel"
"Legal Counsel","Contract Review;Legal Advice;Compliance;Risk Management;Negotiation;Corporate Governance","Accompagne la direction dans la gestion des risques juridiques et la conformité.","CIC;LL.M"
"Paralegal","Legal Research;Document Drafting;Case Management;Court Filing;Client Communication;Compliance","Assiste les avocats dans la préparation des dossiers et la recherche juridique.","Paralegal Certificate;NALA Certified Paralegal"
"Paralegal","Legal Research;Document Preparation;Case Management;Court Filing;Client Communication;Compliance","Prépare et organise les documents juridiques et soutient les avocats dans les procédures.","NALA Certified Paralegal"
"Paralegal","Legal Research;Case Management;Document Drafting;Court Filing;Client Communication;Compliance","Effectue la recherche juridique et aide à la préparation des affaires.","Paralegal Certificate"
"Paralegal","Document Drafting;Legal Research;Case Management;Court Filing;Client Communication;Compliance","Rédige les documents légaux et suit le dossier jusqu’à sa conclusion.","NALA Certified Paralegal"
"Paralegal","Legal Research;Document Drafting;Case Management;Court Filing;Client Communication;Compliance","Assiste dans la gestion des dossiers et la préparation juridique des affaires.","Paralegal Certificate;NALA Certified Paralegal"
"Paralegal","Case Management;Legal Research;Document Drafting;Court Filing;Client Communication;Compliance","Prépare les documents et organise les informations pour les avocats.","NALA Certified Paralegal"
"Paralegal","Legal Research;Document Drafting;Case Management;Court Filing;Client Communication;Compliance","Effectue des recherches et rédige des documents pour soutenir les procédures juridiques.","Paralegal Certificate"
"Paralegal","Document Drafting;Case Management;Legal Research;Court Filing;Client Communication;Compliance","Assiste les avocats dans la rédaction et la préparation des affaires juridiques.","NALA Certified Paralegal"
"Paralegal","Legal Research;Document Drafting;Case Management;Court Filing;Client Communication;Compliance","Gère les documents et effectue des recherches pour faciliter les procédures judiciaires.","Paralegal Certificate"
"Paralegal","Case Management;Document Drafting;Legal Research;Court Filing;Client Communication;Compliance","Organise et prépare les dossiers légaux pour soutenir les avocats.","NALA Certified Paralegal"
"Legal Assistant","Administrative Support;Document Management;Scheduling;Communication;Court Filing;Office Management","Fournit un support administratif aux équipes juridiques et gère les documents légaux.","Paralegal Certificate;Legal Secretary Certification"
"Legal Assistant","Document Management;Scheduling;Administrative Support;Communication;Court Filing;Office Organization","Assiste les avocats dans la préparation des dossiers et la gestion administrative.","Legal Secretary Certification"
"Legal Assistant","Administrative Support;Document Management;Scheduling;Communication;Court Filing;Office Management","Gère la documentation, les agendas et le suivi des procédures pour le département juridique.","Paralegal Certificate"
"Legal Assistant","Document Management;Administrative Support;Scheduling;Communication;Court Filing;Office Organization","Supporte l’équipe juridique avec l’organisation des documents et des réunions.","Legal Secretary Certification"
"Legal Assistant","Administrative Support;Document Management;Scheduling;Communication;Court Filing;Office Management","Prépare les documents légaux et assure le suivi administratif des dossiers.","Paralegal Certificate;Legal Secretary Certification"
"Legal Assistant","Document Management;Scheduling;Administrative Support;Communication;Court Filing;Office Organization","Gère les agendas, la documentation et les communications pour les avocats.","Legal Secretary Certification"
"Legal Assistant","Administrative Support;Document Management;Scheduling;Communication;Court Filing;Office Management","Assiste les avocats et le personnel juridique dans les tâches administratives quotidiennes.","Paralegal Certificate"
"Legal Assistant","Document Management;Administrative Support;Scheduling;Communication;Court Filing;Office Organization","Prépare et organise les documents juridiques et le calendrier des affaires.","Legal Secretary Certification"
"Legal Assistant","Administrative Support;Document Management;Scheduling;Communication;Court Filing;Office Management","Fournit un support administratif complet au service juridique.","Paralegal Certificate;Legal Secretary Certification"
"Legal Assistant","Document Management;Scheduling;Administrative Support;Communication;Court Filing;Office Organization","Gère la documentation et assiste les avocats dans les procédures légales.","Legal Secretary Certification"
"Legal Assistant","Administrative Support;Document Management;Scheduling;Communication;Court Filing;Office Management","Assure le suivi administratif et la gestion des documents pour les équipes juridiques.","Paralegal Certificate;Legal Secretary Certification"
"Legal Assistant","Document Management;Scheduling;Administrative Support;Communication;Court Filing;Office Organization","Supporte les avocats dans la gestion des dossiers et l’organisation des procédures.","Legal Secretary Certification"
"Legal Assistant","Administrative Support;Document Management;Scheduling;Communication;Court Filing;Office Management","Gère les tâches administratives et la documentation pour le département juridique.","Paralegal Certificate;Legal Secretary Certification"
"Legal Assistant","Document Management;Scheduling;Administrative Support;Communication;Court Filing;Office Organization","Assiste les équipes juridiques dans la préparation des dossiers et la gestion administrative.","Legal Secretary Certification"
"Legal Assistant","Administrative Support;Document Management;Scheduling;Communication;Court Filing;Office Management","Fournit un soutien administratif et gère les documents pour les avocats.","Paralegal Certificate;Legal Secretary Certification"
"Legal Assistant","Document Management;Scheduling;Administrative Support;Communication;Court Filing;Office Organization","Assure la gestion des documents et le support administratif pour les équipes juridiques.","Legal Secretary Certification"
"Legal Assistant","Administrative Support;Document Management;Scheduling;Communication;Court Filing;Office Management","Gère les tâches administratives et la documentation pour les avocats et le personnel juridique.","Paralegal Certificate;Legal Secretary Certification"
"Registered Nurse","Patient Care;Medication Administration;Vital Signs Monitoring;Clinical Assessment;Communication","Fournit des soins infirmiers directs aux patients et surveille leur état de santé.","Registered Nurse License;BLS Certification"
"Registered Nurse","IV Therapy;Patient Education;Clinical Documentation;Care Planning;Teamwork","Administre des traitements et éduque les patients sur leur santé.","RN License;ACLS Certification"
"Registered Nurse","Wound Care;Medication Management;Patient Assessment;Charting;Collaboration","Gère les soins des plaies et assure le suivi médicamenteux des patients.","Registered Nurse License;Wound Care Certification"
"Registered Nurse","Emergency Care;Patient Monitoring;Clinical Decision Making;Communication;Documentation","Intervient en situations d’urgence et surveille les signes vitaux.","RN License;BLS Certification"
"Registered Nurse","Pediatric Care;Patient Advocacy;Medication Administration;Care Planning;Team Coordination","Fournit des soins adaptés aux enfants et soutient les familles.","Pediatric Nursing Certification;RN License"
"Registered Nurse","Geriatric Care;Clinical Assessment;Patient Safety;Medication Administration;Documentation","Assure les soins aux patients âgés et surveille leur santé.","Geriatric Nursing Certification;RN License"
"Registered Nurse","Critical Care;Ventilator Management;Patient Assessment;Team Collaboration;Documentation","S’occupe des patients en soins intensifs et gère les dispositifs médicaux.","Critical Care Nursing Certification;RN License"
"Registered Nurse","Oncology Nursing;Patient Support;Medication Management;Care Planning;Documentation","Assure les soins aux patients atteints de cancer.","Oncology Nursing Certification;RN License"
"Registered Nurse","Mental Health Nursing;Patient Counseling;Crisis Intervention;Care Planning;Documentation","Fournit un soutien aux patients en santé mentale.","Psychiatric Nursing Certification;RN License"
"Registered Nurse","Surgical Nursing;Pre/Post-op Care;Patient Monitoring;Medication Administration;Team Coordination","Assiste en chirurgie et assure le suivi post-opératoire des patients.","Surgical Nursing Certification;RN License"
"Nursing Assistant","Patient Hygiene;Vital Signs Monitoring;Assistance Mobility;Documentation;Communication","Aide les patients dans leurs soins quotidiens et surveille leurs signes vitaux.","CNA Certification;BLS Certification"
"Nursing Assistant","Feeding Assistance;Patient Safety;Bedside Care;Teamwork;Observation","Assiste les patients pour l’alimentation et la sécurité.","Certified Nursing Assistant;Patient Care Training"
"Nursing Assistant","Assisting with ADLs;Medication Reminders;Patient Support;Documentation;Communication","Aide aux activités de la vie quotidienne et soutient les patients.","CNA Certification;Basic Life Support"
"Nursing Assistant","Patient Monitoring;Bed Mobility;Clinical Support;Team Collaboration;Observation","Surveille l’état des patients et aide à la mobilité au lit.","CNA License;Patient Care Skills"
"Nursing Assistant","Vital Signs;Assisting Nurses;Patient Comfort;Documentation;Communication","Mesure les signes vitaux et soutient le personnel infirmier.","CNA Certification;BLS"
"Nursing Assistant","Personal Care;Feeding Assistance;Observation;Teamwork;Documentation","Apporte des soins personnels et surveille les patients.","Certified Nursing Assistant;Caregiver Training"
"Nursing Assistant","Patient Hygiene;Mobility Assistance;Vital Signs;Documentation;Safety","Assiste les patients pour leur hygiène et la sécurité.","CNA License;Basic Life Support"
"Nursing Assistant","Clinical Support;Medication Assistance;Observation;Documentation;Communication","Soutient l’équipe infirmière dans les soins médicaux.","CNA Certification;Medication Aide Training"
"Nursing Assistant","Patient Comfort;Feeding;Bed Mobility;Vital Signs Monitoring;Communication","Garantit le confort et la sécurité des patients.","Certified Nursing Assistant;BLS Certification"
"Nursing Assistant","Observation;Team Collaboration;Patient Care;Documentation;Safety Protocols","Surveille les patients et suit les procédures de sécurité.","CNA Certification;Patient Safety Training"
"Medical Assistant","Clinical Procedures;Patient Intake;Vital Signs;Scheduling;Documentation","Accueille les patients, effectue les mesures cliniques et assiste les médecins.","Medical Assistant Certification;BLS"
"Medical Assistant","Patient Education;Medication Administration;Clinical Documentation;Lab Testing;Communication","Informe les patients et soutient les procédures médicales.","Certified Medical Assistant;Phlebotomy Training"
"Medical Assistant","ECG Monitoring;Patient Support;Clinical Procedures;Documentation;Teamwork","Effectue des tests diagnostiques et soutient le personnel médical.","Medical Assistant License;ECG Certification"
"Medical Assistant","Lab Sample Collection;Patient Care;Vital Signs;Documentation;Communication","Prélève des échantillons et consigne les informations médicales.","Phlebotomy Certification;Medical Assistant Certificate"
"Medical Assistant","Medication Assistance;Patient Monitoring;Clinical Support;Documentation;Team Collaboration","Assiste les médecins et surveille les traitements.","Certified Medical Assistant;BLS Certification"
"Medical Assistant","Scheduling Appointments;Patient Intake;Clinical Support;Documentation;Communication","Organise les rendez-vous et enregistre les informations des patients.","Medical Office Assistant Certification;BLS"
"Medical Assistant","Medical Records Management;Patient Support;Vital Signs;Clinical Procedures;Teamwork","Gère les dossiers médicaux et soutient les patients.","Medical Assistant Certification;Health Records Management"
"Medical Assistant","Patient Preparation;Clinical Procedures;Lab Tests;Documentation;Communication","Prépare les patients et assiste aux procédures médicales.","Certified Medical Assistant;Phlebotomy"
"Medical Assistant","Immunization Assistance;Patient Education;Documentation;Vital Signs;Clinical Support","Administre des vaccins et consigne les informations.","Immunization Certification;Medical Assistant License"
"Medical Assistant","Clinical Support;Patient Monitoring;Documentation;Medication Assistance;Teamwork","Assure le suivi des patients et la documentation clinique.","Medical Assistant Certification;BLS"
"Case Manager","Care Coordination;Patient Assessment;Discharge Planning;Communication;Documentation","Coordonne les soins des patients et planifie les sorties hospitalières.","Certified Case Manager;RN License"
"Case Manager","Resource Management;Patient Advocacy;Care Planning;Team Collaboration;Documentation","Gère les ressources et assure le suivi des patients.","CCM Certification;Case Management Training"
"Case Manager","Clinical Assessment;Care Coordination;Communication;Problem Solving;Documentation","Évalue les besoins des patients et coordonne les services.","Certified Case Manager;BLS"
"Case Manager","Patient Support;Healthcare Planning;Documentation;Teamwork;Communication","Soutient les patients et coordonne les interventions médicales.","Case Management Certification;RN License"
"Case Manager","Risk Assessment;Care Planning;Patient Advocacy;Documentation;Communication","Évalue les risques et planifie les soins adaptés.","CCM Certification;Health Care Management"
"Case Manager","Discharge Planning;Follow-up;Patient Education;Coordination;Documentation","Prépare la sortie et le suivi des patients.","Certified Case Manager;RN License"
"Case Manager","Care Coordination;Team Collaboration;Documentation;Patient Monitoring;Communication","Assure la liaison entre les différents professionnels de santé.","Case Management Certification;BLS"
"Case Manager","Clinical Evaluation;Patient Support;Care Planning;Documentation;Problem Solving","Évalue les besoins et organise les soins individualisés.","Certified Case Manager;RN License"
"Case Manager","Resource Allocation;Healthcare Coordination;Patient Advocacy;Documentation;Communication","Gère les ressources et coordonne les services de soins.","CCM Certification;Health Records Training"
"Case Manager","Case Documentation;Care Planning;Patient Education;Teamwork;Communication","Maintient les dossiers et planifie les interventions.","Certified Case Manager;RN License"
"Healthcare Administrator","Healthcare Management;Medical Billing;Regulatory Compliance;Budgeting;Leadership;Communication","Supervise les opérations administratives d’un établissement de santé et assure la conformité réglementaire.","Certified Medical Manager (CMM);FACHE"
"Healthcare Administrator","Healthcare Operations;Budgeting;Staff Management;Regulatory Compliance;Leadership;Communication","Gère les équipes, les budgets et les processus administratifs d’un hôpital ou d’une clinique.","FACHE;Certified Medical Manager"
"Healthcare Administrator","Healthcare Management;Regulatory Compliance;Budgeting;Leadership;Communication;Patient Care Coordination","Assure l’efficacité opérationnelle et la qualité des soins au sein de l’établissement.","Certified Medical Manager;FACHE"
"Healthcare Administrator","Healthcare Operations;Staff Management;Budgeting;Regulatory Compliance;Leadership;Communication","Supervise les activités administratives et soutient la direction dans les prises de décisions stratégiques.","FACHE"
"Healthcare Administrator","Healthcare Management;Budgeting;Regulatory Compliance;Leadership;Communication;Patient Care Coordination","Coordonne les opérations hospitalières et garantit le respect des normes de santé.","Certified Medical Manager"
"Healthcare Administrator","Healthcare Operations;Staff Management;Budgeting;Regulatory Compliance;Leadership;Communication","Gère les ressources humaines et financières pour optimiser le fonctionnement de l’établissement.","FACHE;Certified Medical Manager"
"Healthcare Administrator","Healthcare Management;Regulatory Compliance;Budgeting;Leadership;Communication;Patient Care Coordination","Assure la supervision des services cliniques et administratifs tout en respectant la réglementation.","Certified Medical Manager"
"Healthcare Administrator","Healthcare Operations;Budgeting;Staff Management;Regulatory Compliance;Leadership;Communication","Coordonne les processus administratifs et optimise les performances organisationnelles.","FACHE"
"Healthcare Administrator","Healthcare Management;Budgeting;Regulatory Compliance;Leadership;Communication;Patient Care Coordination","Supervise la planification stratégique et opérationnelle des services de santé.","Certified Medical Manager;FACHE"
"Healthcare Administrator","Healthcare Operations;Staff Management;Budgeting;Regulatory Compliance;Leadership;Communication","Gère les équipes, les budgets et assure la conformité réglementaire au sein de l’établissement.","FACHE"
"Warehouse Manager","Inventory Management;Logistics;Team Leadership;Warehouse Operations;Forklift Operation;Safety Compliance","Supervise les opérations d’un entrepôt, optimise les flux de marchandises et manage l’équipe.","Certified Supply Chain Professional (CSCP);OSHA Forklift Certification"
"Warehouse Manager","Warehouse Operations;Inventory Control;Logistics;Team Leadership;Safety Compliance;Shipping & Receiving","Assure la gestion des stocks, la sécurité et la coordination des expéditions.","CSCP;OSHA Safety Certification"
"Warehouse Manager","Inventory Management;Logistics;Team Leadership;Warehouse Operations;Safety Compliance;Order Fulfillment","Optimise les processus de stockage et coordonne les équipes pour une gestion efficace des entrepôts.","Certified Supply Chain Professional;Forklift Certification"
"Warehouse Manager","Warehouse Operations;Inventory Control;Logistics;Team Leadership;Safety Compliance;Shipping & Receiving","Gère les opérations quotidiennes de l’entrepôt et assure la conformité aux normes de sécurité.","CSCP;OSHA Certification"
"Warehouse Manager","Inventory Management;Warehouse Operations;Team Leadership;Logistics;Order Fulfillment;Safety Compliance","Supervise le stockage, la réception et l’expédition des marchandises tout en gérant le personnel.","Certified Supply Chain Professional"
"Warehouse Manager","Warehouse Operations;Inventory Control;Logistics;Team Leadership;Safety Compliance;Shipping & Receiving","Coordonne les activités de l’entrepôt pour optimiser la productivité et la sécurité.","CSCP;OSHA Forklift Certification"
"Warehouse Manager","Inventory Management;Logistics;Team Leadership;Warehouse Operations;Safety Compliance;Order Fulfillment","Assure la gestion des stocks et supervise l’équipe pour le respect des objectifs.","Certified Supply Chain Professional;Forklift Certification"
"Warehouse Manager","Warehouse Operations;Inventory Control;Logistics;Team Leadership;Safety Compliance;Shipping & Receiving","Gère les flux logistiques et veille au respect des normes de sécurité dans l’entrepôt.","CSCP;OSHA Certification"
"Warehouse Manager","Inventory Management;Warehouse Operations;Team Leadership;Logistics;Order Fulfillment;Safety Compliance","Optimise la gestion des stocks et des équipes pour assurer un fonctionnement efficace.","Certified Supply Chain Professional"
"Warehouse Manager","Warehouse Operations;Inventory Control;Logistics;Team Leadership;Safety Compliance;Shipping & Receiving","Supervise l’entrepôt et coordonne toutes les opérations logistiques en toute sécurité.","CSCP;OSHA Forklift Certification"
"Supply Chain Analyst","Data Analysis;Supply Chain Optimization;ERP Systems;Forecasting;Inventory Management;Excel","Analyse les données de la chaîne d’approvisionnement pour améliorer l’efficacité et réduire les coûts.","APICS Certified in Planning and Inventory Management (CPIM);Six Sigma Green Belt"
"Supply Chain Analyst","Supply Chain Optimization;Data Analysis;ERP Systems;Forecasting;Inventory Control;Excel","Évalue les performances des processus logistiques et propose des solutions d’optimisation.","CPIM;Lean Six Sigma"
"Supply Chain Analyst","Data Analysis;Inventory Management;ERP Systems;Forecasting;Supply Chain Optimization;Excel","Analyse les flux de la chaîne d’approvisionnement et prédit la demande future.","CPIM;Six Sigma Green Belt"
"Supply Chain Analyst","Supply Chain Optimization;ERP Systems;Data Analysis;Forecasting;Inventory Control;Excel","Fournit des recommandations basées sur les données pour améliorer la performance logistique.","Lean Six Sigma;CPIM"
"Supply Chain Analyst","Data Analysis;Supply Chain Optimization;ERP Systems;Forecasting;Inventory Management;Excel","Optimise les processus et prédit les besoins en inventaire pour réduire les coûts.","CPIM;Six Sigma Green Belt"
"Supply Chain Analyst","ERP Systems;Data Analysis;Inventory Management;Forecasting;Supply Chain Optimization;Excel","Analyse les données de production et logistique pour améliorer les performances globales.","CPIM;Lean Six Sigma"
"Supply Chain Analyst","Data Analysis;Supply Chain Optimization;ERP Systems;Forecasting;Inventory Management;Excel","Élabore des rapports et prévisions pour soutenir la prise de décision logistique.","CPIM;Six Sigma Green Belt"
"Supply Chain Analyst","Supply Chain Optimization;Data Analysis;ERP Systems;Forecasting;Inventory Control;Excel","Optimise les flux d’approvisionnement et réduit les inefficacités.","Lean Six Sigma;CPIM"
"Supply Chain Analyst","Data Analysis;Inventory Management;ERP Systems;Forecasting;Supply Chain Optimization;Excel","Analyse et prédit les besoins pour une meilleure planification logistique.","CPIM;Six Sigma Green Belt"
"Supply Chain Analyst","Supply Chain Optimization;ERP Systems;Data Analysis;Forecasting;Inventory Control;Excel","Fournit des recommandations stratégiques basées sur l’analyse des données de la chaîne d’approvisionnement.","Lean Six Sigma;CPIM"
"Inventory Clerk","Inventory Management;Data Entry;Stock Auditing;Warehouse Operations;Organization;ERP Systems","Gère les stocks, effectue des inventaires et maintient l’exactitude des données.","Certified Inventory Specialist;CPIM"
"Inventory Clerk","Stock Control;Data Entry;Inventory Auditing;Warehouse Operations;Organization;ERP Systems","Enregistre et suit les mouvements de stock pour garantir la disponibilité des produits.","Certified Inventory Specialist"
"Inventory Clerk","Inventory Management;Data Entry;Stock Auditing;Warehouse Operations;Organization;ERP Systems","Effectue des contrôles de stock réguliers et met à jour les bases de données.","CPIM;Certified Inventory Specialist"
"Inventory Clerk","Stock Control;Inventory Management;Data Entry;Warehouse Operations;Organization;ERP Systems","Assure la gestion quotidienne des stocks et la précision des inventaires.","Certified Inventory Specialist"
"Inventory Clerk","Inventory Management;Data Entry;Stock Auditing;Warehouse Operations;Organization;ERP Systems","Enregistre les entrées et sorties de marchandises et effectue des audits de stock.","CPIM"
"Inventory Clerk","Stock Control;Data Entry;Inventory Auditing;Warehouse Operations;Organization;ERP Systems","Gère l’inventaire et assure la conformité des stocks avec les registres.","Certified Inventory Specialist;CPIM"
"Inventory Clerk","Inventory Management;Data Entry;Stock Auditing;Warehouse Operations;Organization;ERP Systems","Met à jour les informations de stock et vérifie la précision des inventaires.","CPIM;Certified Inventory Specialist"
"Inventory Clerk","Stock Control;Inventory Management;Data Entry;Warehouse Operations;Organization;ERP Systems","Assure la gestion et le suivi précis des stocks dans l’entrepôt.","Certified Inventory Specialist"
"Inventory Clerk","Inventory Management;Data Entry;Stock Auditing;Warehouse Operations;Organization;ERP Systems","Effectue des inventaires réguliers et met à jour les registres de stock.","CPIM"
"Inventory Clerk","Stock Control;Data Entry;Inventory Auditing;Warehouse Operations;Organization;ERP Systems","Gère les stocks et soutient les opérations logistiques de l’entrepôt.","Certified Inventory Specialist"
"Operations Manager","Process Optimization;Team Leadership;Budget Management;Strategic Planning;KPIs","Supervise les opérations quotidiennes de l’entreprise et optimise les processus pour améliorer la performance.","Certified Operations Manager;PMP"
"Operations Manager","Resource Allocation;Workflow Management;Process Improvement;Decision Making;Reporting","Gère les ressources et coordonne les flux opérationnels pour atteindre les objectifs.","Lean Six Sigma;Certified Manager"
"Operations Manager","Performance Monitoring;Operational Strategy;Staff Supervision;Budgeting;Problem Solving","Assure le suivi des performances et met en œuvre des stratégies opérationnelles.","MBA;Certified Operations Manager"
"Operations Manager","Project Management;Cross-functional Leadership;Process Optimization;Team Coordination;KPIs","Dirige des projets et coordonne les équipes pour améliorer l’efficacité.","PMP;Lean Management Certification"
"Operations Manager","Operational Planning;Risk Management;Staff Leadership;Budget Control;Reporting","Planifie les opérations et gère les risques pour garantir la continuité des activités.","Certified Manager;Six Sigma Green Belt"
"Operations Manager","Business Operations;Process Standardization;Team Leadership;Decision Making;Performance Metrics","Standardise les processus et supervise les équipes pour assurer l’efficacité.","PMP;Lean Six Sigma"
"Operations Manager","Resource Planning;Operational Oversight;Process Improvement;Team Management;Budget Monitoring","Optimise l’utilisation des ressources et supervise les opérations.","Certified Operations Manager;Executive Program"
"Operations Manager","Workflow Optimization;Staff Development;Reporting;Decision Making;Process Management","Améliore les flux de travail et développe les compétences des équipes.","Lean Management;Certified Manager"
"Operations Manager","Operational Excellence;Cross-team Coordination;Budgeting;Process Analysis;KPIs","Met en œuvre des initiatives pour renforcer l’efficacité et la qualité.","PMP;Six Sigma Black Belt"
"Operations Manager","Strategic Operations;Team Leadership;Risk Assessment;Reporting;Decision Making","Aligne les opérations sur la stratégie globale et supervise la performance.","Certified Operations Manager;MBA"
"Logistics Coordinator","Supply Chain Management;Inventory Control;Transportation Planning;Communication;Problem Solving","Coordonne le transport et le stockage des marchandises pour assurer la livraison efficace.","Certified Logistics Coordinator;CPIM"
"Logistics Coordinator","Warehouse Management;Order Fulfillment;Routing;Inventory Tracking;Reporting","Supervise les entrepôts et assure la bonne exécution des commandes.","CSCP Certification;Certified Logistics Professional"
"Logistics Coordinator","Inventory Management;Supplier Coordination;Shipping Planning;Documentation;Teamwork","Gère les stocks et coordonne les livraisons avec les fournisseurs.","Certified Logistics Coordinator;Lean Six Sigma"
"Logistics Coordinator","Transportation Scheduling;Order Processing;Inventory Control;Communication;Problem Solving","Planifie les transports et surveille les stocks pour garantir les livraisons.","CPIM;Certified Logistics Professional"
"Logistics Coordinator","Supply Chain Coordination;Warehouse Operations;Documentation;Reporting;Team Collaboration","Assure la liaison entre entrepôts et équipes de transport.","CSCP;Logistics Management Certification"
"Logistics Coordinator","Routing Optimization;Inventory Accuracy;Order Tracking;Communication;Teamwork","Optimise les itinéraires et assure le suivi précis des commandes.","Certified Logistics Coordinator;Lean Management"
"Logistics Coordinator","Shipment Scheduling;Inventory Monitoring;Supplier Communication;Reporting;Problem Solving","Planifie les expéditions et surveille les niveaux de stock.","CPIM;Certified Logistics Professional"
"Logistics Coordinator","Warehouse Oversight;Inventory Management;Order Coordination;Documentation;Team Collaboration","Gère l’organisation des entrepôts et la coordination des commandes.","CSCP;Certified Logistics Coordinator"
"Logistics Coordinator","Supply Chain Analysis;Routing Planning;Inventory Control;Reporting;Team Leadership","Analyse la chaîne d’approvisionnement et planifie les expéditions.","CPIM;Lean Six Sigma"
"Logistics Coordinator","Inventory Oversight;Transport Coordination;Order Processing;Communication;Problem Solving","Assure le suivi des stocks et la coordination des livraisons.","Certified Logistics Professional;CSCP"
"Teacher","Curriculum Development;Classroom Management;Lesson Planning;Student Assessment;Communication","Prépare et dispense des cours tout en évaluant les progrès des élèves.","Teaching License;TESOL Certification"
"Teacher","Instructional Strategies;Student Engagement;Lesson Planning;Assessment;Classroom Management","Utilise des stratégies pédagogiques pour favoriser l’apprentissage.","Certified Teacher;Professional Development Certificate"
"Teacher","Subject Expertise;Lesson Planning;Classroom Management;Student Evaluation;Communication","Enseigne une matière spécifique et suit les progrès des élèves.","State Teaching License;Pedagogy Certificate"
"Teacher","Educational Technology;Lesson Design;Classroom Management;Student Assessment;Collaboration","Intègre les outils numériques dans l’enseignement pour améliorer l’apprentissage.","Digital Teaching Certification;Teaching License"
"Teacher","Classroom Leadership;Instruction;Lesson Planning;Assessment;Student Support","Gère la classe et soutient les élèves dans leurs apprentissages.","Certified Teacher;Classroom Management Certificate"
"Teacher","Differentiated Instruction;Student Engagement;Assessment;Lesson Planning;Collaboration","Adapte l’enseignement selon les besoins des élèves.","Teaching License;Differentiated Instruction Certification"
"Teacher","Curriculum Implementation;Student Evaluation;Lesson Planning;Classroom Management;Communication","Assure la mise en œuvre du programme scolaire et l’évaluation des élèves.","Certified Teacher;Educational Assessment Certificate"
"Teacher","Subject Instruction;Lesson Design;Student Monitoring;Classroom Management;Communication","Dispense les cours et surveille la progression des élèves.","Teaching License;Professional Development Certificate"
"Teacher","Instructional Planning;Assessment;Classroom Engagement;Student Support;Collaboration","Planifie les leçons et soutient les élèves.","Certified Teacher;TESOL Certification"
"Teacher","Lesson Delivery;Classroom Management;Student Assessment;Communication;Planning","Enseigne et évalue les élèves en fonction des objectifs pédagogiques.","Teaching License;Educational Technology Certificate"
"Educator","Curriculum Design;Instructional Strategies;Assessment;Student Engagement;Communication","Conçoit et met en œuvre des programmes éducatifs adaptés aux apprenants.","Certified Educator;Instructional Design Certificate"
"Educator","Teaching Methods;Lesson Planning;Student Assessment;Classroom Management;Collaboration","Utilise des méthodes pédagogiques pour améliorer l’apprentissage.","Professional Educator License;TESOL Certification"
"Educator","Educational Leadership;Curriculum Development;Assessment;Instruction;Communication","Dirige des programmes éducatifs et soutient les enseignants.","Certified Educator;Leadership in Education Certificate"
"Educator","Instructional Design;Student Evaluation;Lesson Planning;Classroom Engagement;Collaboration","Crée des cours et évalue l’apprentissage des étudiants.","Instructional Designer Certificate;Teaching License"
"Educator","Curriculum Implementation;Student Support;Lesson Planning;Assessment;Classroom Management","Applique le programme éducatif et soutient les apprenants.","Certified Educator;Educational Assessment Certificate"
"Educator","Pedagogical Methods;Instruction;Lesson Planning;Student Assessment;Collaboration","Emploie des méthodes pédagogiques pour favoriser l’apprentissage.","Teaching License;Professional Development Certificate"
"Educator","Educational Strategy;Curriculum Design;Student Engagement;Assessment;Instruction","Élabore des stratégies éducatives et suit les progrès des élèves.","Certified Educator;Instructional Design Certification"
"Educator","Lesson Design;Instruction;Student Evaluation;Classroom Management;Communication","Conçoit et dispense des leçons adaptées aux apprenants.","Professional Educator License;TESOL Certification"
"Educator","Instructional Planning;Curriculum Development;Assessment;Student Support;Collaboration","Planifie et supervise les programmes éducatifs.","Certified Educator;Educational Leadership Certificate"
"Educator","Educational Technology;Lesson Planning;Student Assessment;Instruction;Collaboration","Intègre la technologie pour améliorer les processus d’enseignement et d’apprentissage.","Digital Educator Certification;Teaching License"
"Instructor","Curriculum Development;Lesson Planning;Teaching;Assessment;Classroom Management;Communication","Prépare et dispense des cours, évalue les progrès des étudiants et adapte les méthodes pédagogiques.","Certified Professional in Learning and Performance (CPLP);Teaching License"
"Instructor","Lesson Planning;Teaching;Assessment;Curriculum Development;Classroom Management;Communication","Enseigne des matières spécialisées et évalue les acquis des étudiants.","Teaching License;CPLP"
"Instructor","Curriculum Development;Lesson Planning;Teaching;Assessment;Classroom Management;Communication","Développe des programmes éducatifs et assure la formation des apprenants.","CPLP;Teaching License"
"Instructor","Lesson Planning;Teaching;Assessment;Classroom Management;Curriculum Development;Communication","Conçoit et dispense des cours adaptés aux besoins des étudiants.","Teaching License;Certified Professional in Learning and Performance"
"Instructor","Curriculum Development;Teaching;Lesson Planning;Assessment;Classroom Management;Communication","Assure l’enseignement et l’évaluation des étudiants tout en développant le matériel pédagogique.","CPLP;Teaching License"
"Instructor","Lesson Planning;Teaching;Assessment;Curriculum Development;Classroom Management;Communication","Encadre les étudiants et adapte les méthodes d’enseignement selon leurs besoins.","Teaching License;CPLP"
"Instructor","Curriculum Development;Lesson Planning;Teaching;Assessment;Classroom Management;Communication","Prépare des supports de cours et supervise l’apprentissage en classe.","CPLP;Teaching License"
"Instructor","Lesson Planning;Teaching;Assessment;Curriculum Development;Classroom Management;Communication","Élabore et dispense des formations en respectant les objectifs pédagogiques.","Teaching License;CPLP"
"Instructor","Curriculum Development;Lesson Planning;Teaching;Assessment;Classroom Management;Communication","Gère la progression des étudiants et ajuste les programmes selon les besoins.","CPLP;Teaching License"
"Instructor","Lesson Planning;Teaching;Assessment;Curriculum Development;Classroom Management;Communication","Assure l’enseignement et évalue les performances académiques des étudiants.","Teaching License;CPLP"
"Academic Coordinator","Program Management;Scheduling;Curriculum Planning;Student Support;Communication;Data Analysis","Coordonne les programmes académiques, planifie les cours et assure le suivi des étudiants.","Certified Academic Coordinator (CAC);Project Management Professional (PMP)"
"Academic Coordinator","Scheduling;Program Management;Curriculum Planning;Student Support;Communication;Data Analysis","Organise les activités académiques et soutient les enseignants et étudiants.","CAC;PMP"
"Academic Coordinator","Program Management;Curriculum Planning;Scheduling;Student Support;Communication;Data Analysis","Supervise la planification des programmes et assure la coordination pédagogique.","Certified Academic Coordinator;PMP"
"Academic Coordinator","Scheduling;Program Management;Curriculum Planning;Student Support;Communication;Data Analysis","Gère la mise en œuvre des programmes académiques et le suivi des performances des étudiants.","CAC;PMP"
"Academic Coordinator","Program Management;Curriculum Planning;Scheduling;Student Support;Communication;Data Analysis","Coordonne les enseignants et optimise la planification académique.","Certified Academic Coordinator;PMP"
"Academic Coordinator","Scheduling;Program Management;Curriculum Planning;Student Support;Communication;Data Analysis","Assure l’organisation des cours et le suivi administratif des programmes.","CAC;PMP"
"Academic Coordinator","Program Management;Curriculum Planning;Scheduling;Student Support;Communication;Data Analysis","Supervise la planification des programmes et le soutien aux étudiants.","Certified Academic Coordinator;PMP"
"Academic Coordinator","Scheduling;Program Management;Curriculum Planning;Student Support;Communication;Data Analysis","Coordonne les activités académiques et facilite la communication entre enseignants et étudiants.","CAC;PMP"
"Academic Coordinator","Program Management;Curriculum Planning;Scheduling;Student Support;Communication;Data Analysis","Planifie et supervise les programmes d’enseignement et leur mise en œuvre.","Certified Academic Coordinator;PMP"
"Academic Coordinator","Scheduling;Program Management;Curriculum Planning;Student Support;Communication;Data Analysis","Assure la coordination des cours, des enseignants et du suivi des étudiants.","CAC;PMP"
"Training Specialist","Instructional Design;Training Delivery;Assessment;Curriculum Development;Communication;Learning Management Systems (LMS)","Conçoit et dispense des programmes de formation pour améliorer les compétences des employés.","Certified Professional in Learning and Performance (CPLP);Training Specialist Certification"
"Training Specialist","Training Delivery;Instructional Design;Assessment;Curriculum Development;Communication;LMS","Élabore des supports de formation et évalue l’efficacité des sessions.","CPLP;Training Specialist Certification"
"Training Specialist","Instructional Design;Training Delivery;Assessment;Curriculum Development;Communication;LMS","Assure la mise en œuvre et l’animation des programmes de formation pour le personnel.","Certified Professional in Learning and Performance;Training Specialist Certification"
"Training Specialist","Training Delivery;Instructional Design;Assessment;Curriculum Development;Communication;LMS","Développe des contenus pédagogiques et dispense des formations adaptées aux besoins des employés.","CPLP;Training Specialist Certification"
"Training Specialist","Instructional Design;Training Delivery;Assessment;Curriculum Development;Communication;LMS","Élabore et anime des sessions de formation tout en évaluant les résultats.","Certified Professional in Learning and Performance;Training Specialist Certification"
"Training Specialist","Training Delivery;Instructional Design;Assessment;Curriculum Development;Communication;LMS","Gère les programmes de formation et évalue leur impact sur le développement des compétences.","CPLP;Training Specialist Certification"
"Training Specialist","Instructional Design;Training Delivery;Assessment;Curriculum Development;Communication;LMS","Crée des supports pédagogiques et assure la formation continue des employés.","Certified Professional in Learning and Performance;Training Specialist Certification"
"Training Specialist","Training Delivery;Instructional Design;Assessment;Curriculum Development;Communication;LMS","Planifie et dispense des formations pour améliorer les performances des équipes.","CPLP;Training Specialist Certification"
"Training Specialist","Instructional Design;Training Delivery;Assessment;Curriculum Development;Communication;LMS","Évalue les besoins en formation et conçoit des programmes adaptés.","Certified Professional in Learning and Performance;Training Specialist Certification"
"Training Specialist","Training Delivery;Instructional Design;Assessment;Curriculum Development;Communication;LMS","Conçoit, met en œuvre et évalue des programmes de formation pour le développement des compétences.","CPLP;Training Specialist Certification"
